DiagramName;NodeKeys;Documentation
Fragment_1295;['NEOID_bdebd45f-8690-4931-bdde-3c6739ae2af8', 'NEOID_038da529-7ccb-4d6e-9f0b-8a98b6e7d20c', 'NEOID_6ffbe079-055c-4079-a71f-2fdc4e3cf788', 'NEOID_128afec0-8c9e-45a3-9358-8e5863d7d700'];The diagram describes the fragment Fragment_1295.
Fragment_1296;['NEOID_bdebd45f-8690-4931-bdde-3c6739ae2af8', 'NEOID_e3763a99-a92c-4300-8ee7-2d5e36b43f5e', 'NEOID_05ec8736-189c-4ab4-999c-cdc00c6c3873'];The diagram describes the fragment Fragment_1296.
Fragment_1297;['NEOID_bdebd45f-8690-4931-bdde-3c6739ae2af8', 'NEOID_32aa35c6-3f85-4f70-b0db-06fd9758f13e', 'NEOID_0fdcc7a5-1889-4fb6-aa62-94bf5128f840'];The diagram describes the fragment Fragment_1297.
Fragment_1298;['NEOID_bdebd45f-8690-4931-bdde-3c6739ae2af8', 'NEOID_7eb494b8-b514-443a-bc2a-850a2704343e', 'NEOID_aee7ece7-48cd-46b6-8b3f-0b73cd09069e'];The diagram describes the fragment Fragment_1298.
Fragment_1299;['NEOID_bdebd45f-8690-4931-bdde-3c6739ae2af8', 'NEOID_a6a41be5-93bf-432a-a62b-a6106d9e4b81', 'NEOID_31887a70-bd17-4929-8000-b9627717c511'];The diagram describes the fragment Fragment_1299.
Fragment_1300;['NEOID_bdebd45f-8690-4931-bdde-3c6739ae2af8', 'NEOID_5936f512-61af-4b8c-9a9d-cd8a7e881279', 'NEOID_3b27a008-f8a6-4098-9af8-9b04a370975c', 'NEOID_5d0dd756-3155-4b7e-a91c-91470116e586', 'NEOID_c9bf4ff6-2bc0-4c3f-8741-7b928a79a021'];The diagram describes the fragment Fragment_1300.
Fragment_1301;['NEOID_bdebd45f-8690-4931-bdde-3c6739ae2af8', 'NEOID_ee367a4b-c068-4430-b6fb-391fef4da42f', 'NEOID_2cea2550-c9bb-44f0-b212-1fd2638aea27'];The diagram describes the fragment Fragment_1301.
Fragment_1302;['NEOID_bdebd45f-8690-4931-bdde-3c6739ae2af8', 'NEOID_cb71f8f6-d601-41a0-b106-3f4a17d46e87', 'NEOID_8bbab894-10df-4f43-a32e-13e5cf5e3ada'];The diagram describes the fragment Fragment_1302.
Fragment_1303;['NEOID_bdebd45f-8690-4931-bdde-3c6739ae2af8', 'NEOID_c1245a21-6cd9-4b03-99db-1efdfafe7037', 'NEOID_7b1b3ad2-d1f7-451e-b233-c02ce956bb2a'];The diagram describes the fragment Fragment_1303.
Fragment_1304;['NEOID_bdebd45f-8690-4931-bdde-3c6739ae2af8', 'NEOID_a5a4771a-b185-41bf-b9e4-9cbe6169dee7', 'NEOID_69d5db8c-31b2-4a35-8046-724426d09866'];The diagram describes the fragment Fragment_1304.
Fragment_1305;['NEOID_bdebd45f-8690-4931-bdde-3c6739ae2af8', 'NEOID_6f0769d3-6551-499a-8572-e5638156b675', 'NEOID_3c1ef41d-404a-4be6-b774-1d989d649185'];The diagram describes the fragment Fragment_1305.
Fragment_1306;['NEOID_bdebd45f-8690-4931-bdde-3c6739ae2af8', 'NEOID_038da529-7ccb-4d6e-9f0b-8a98b6e7d20c', 'NEOID_4540e128-eab7-4224-b2fd-7382cd987bf0', 'NEOID_f5191bdc-e372-42e6-a75f-a370f68b4288'];The diagram describes the fragment Fragment_1306.
Fragment_1307;['NEOID_bdebd45f-8690-4931-bdde-3c6739ae2af8', 'NEOID_3e24a95a-37ae-4b28-abe3-7773679dce5d', 'NEOID_1556b625-02bb-44c9-81a4-8d857e34e609'];The diagram describes the fragment Fragment_1307.
Fragment_1308;['NEOID_bdebd45f-8690-4931-bdde-3c6739ae2af8', 'NEOID_024cf723-e37d-4874-838a-f7d0595c95bc', 'NEOID_53990e10-601e-43c1-8ddc-32a8dcecae82'];The diagram describes the fragment Fragment_1308.
Fragment_1309;['NEOID_bdebd45f-8690-4931-bdde-3c6739ae2af8', 'NEOID_2a092231-8535-4a84-81ae-12694e3fc436', 'NEOID_33dca7c2-0d0e-4367-90ce-c700593c14d4'];The diagram describes the fragment Fragment_1309.
Fragment_1310;['NEOID_1827b963-e66e-4e17-bbae-71625887f471', 'NEOID_4de6fa1b-4540-4fd2-af8e-ded802d1cc93', 'NEOID_fe100c18-e913-4477-952e-fe7e227e9328', 'NEOID_9354411b-e7bb-447e-a334-ffbde63c253f', 'NEOID_6f3f6db5-5cfb-4649-85dc-764fa411cb40'];The diagram describes the fragment Fragment_1310.
Fragment_1311;['NEOID_fe100c18-e913-4477-952e-fe7e227e9328', 'NEOID_1827b963-e66e-4e17-bbae-71625887f471', 'NEOID_1ff10ed4-1a34-4513-a785-6bf92896a93b', 'NEOID_9354411b-e7bb-447e-a334-ffbde63c253f', 'NEOID_fe100c18-e913-4477-952e-fe7e227e9328'];The diagram describes the fragment Fragment_1311.
Fragment_1312;['NEOID_fe100c18-e913-4477-952e-fe7e227e9328', 'NEOID_1827b963-e66e-4e17-bbae-71625887f471', 'NEOID_b8f31220-3949-4fa1-b673-ef8c8ce92702', 'NEOID_497cb413-9d58-4c85-adba-23d325f3acc0', 'NEOID_6f3f6db5-5cfb-4649-85dc-764fa411cb40', 'NEOID_fe100c18-e913-4477-952e-fe7e227e9328'];The diagram describes the fragment Fragment_1312.
Fragment_1313;['NEOID_1827b963-e66e-4e17-bbae-71625887f471', 'NEOID_fb7ca87d-5955-45d0-a612-2f0faa62670d', 'NEOID_662a88fe-9e78-497e-b966-881e605867a1', 'NEOID_2493d07d-48ea-4e3a-b9a0-ec806a77f8e7', 'NEOID_14a57a02-19c6-4e24-a26e-553341f40e72'];The diagram describes the fragment Fragment_1313.
Fragment_1314;['NEOID_662a88fe-9e78-497e-b966-881e605867a1', 'NEOID_1827b963-e66e-4e17-bbae-71625887f471', 'NEOID_353e95b4-faed-459e-99fb-98b14b76d145', 'NEOID_14a57a02-19c6-4e24-a26e-553341f40e72', 'NEOID_662a88fe-9e78-497e-b966-881e605867a1'];The diagram describes the fragment Fragment_1314.
Fragment_1315;['NEOID_662a88fe-9e78-497e-b966-881e605867a1', 'NEOID_1827b963-e66e-4e17-bbae-71625887f471', 'NEOID_b8f31220-3949-4fa1-b673-ef8c8ce92702', 'NEOID_04ff5f05-a207-4b8d-a1e8-928f187822e1', 'NEOID_2493d07d-48ea-4e3a-b9a0-ec806a77f8e7', 'NEOID_662a88fe-9e78-497e-b966-881e605867a1'];The diagram describes the fragment Fragment_1315.
Fragment_1316;['NEOID_1827b963-e66e-4e17-bbae-71625887f471', 'NEOID_88352d95-89c9-40fd-bbf1-b1d19993b9a0', 'NEOID_f6d20beb-5c3b-4bed-bca0-9f0d399d0a94', 'NEOID_48959ec4-b9dd-4d17-a224-25c728cb4f01', 'NEOID_487ef66b-cffd-40eb-b8dd-443cee35636a'];The diagram describes the fragment Fragment_1316.
Fragment_1317;['NEOID_f6d20beb-5c3b-4bed-bca0-9f0d399d0a94', 'NEOID_1827b963-e66e-4e17-bbae-71625887f471', 'NEOID_8d194705-9e3b-48a4-9446-c54d2f73938d', 'NEOID_487ef66b-cffd-40eb-b8dd-443cee35636a', 'NEOID_f6d20beb-5c3b-4bed-bca0-9f0d399d0a94'];The diagram describes the fragment Fragment_1317.
Fragment_1318;['NEOID_b8f31220-3949-4fa1-b673-ef8c8ce92702', 'NEOID_fb3b861a-5647-433c-b7a4-6c0c66a9e1a2', 'NEOID_427c5e72-d23a-4883-bca2-b06ca48845b5', 'NEOID_6f92555a-ebc6-4619-b97f-3ffacf47057e', 'NEOID_1d96c236-c252-44b6-9297-3ad4837c9d3d', 'NEOID_5936f512-61af-4b8c-9a9d-cd8a7e881279', 'NEOID_f3faf84d-0450-42a5-8411-cc0e23fd757c', 'NEOID_3b27a008-f8a6-4098-9af8-9b04a370975c', 'NEOID_f6d20beb-5c3b-4bed-bca0-9f0d399d0a94', 'NEOID_1827b963-e66e-4e17-bbae-71625887f471', 'NEOID_cdb1018b-6f0c-4e88-9da4-e18be0618ced', 'NEOID_440fadca-0992-457d-809a-1a168d4a62fb', 'NEOID_8b56e681-baaa-407e-82b2-dd37277f883a', 'NEOID_48959ec4-b9dd-4d17-a224-25c728cb4f01', 'NEOID_f6d20beb-5c3b-4bed-bca0-9f0d399d0a94', 'NEOID_fb3b861a-5647-433c-b7a4-6c0c66a9e1a2'];The diagram describes the fragment Fragment_1318.
Fragment_1319;['NEOID_1827b963-e66e-4e17-bbae-71625887f471', 'NEOID_6c79fa36-a046-4602-984d-05dd9f226d26', 'NEOID_3f20cae8-5078-408a-8ff7-377433fe4296', 'NEOID_593c855f-7337-4841-b438-fc3b2c854f9b', 'NEOID_85ce4ff5-2ae4-49e3-9ba0-11d87fd1dba3', 'NEOID_2993a4d5-68c8-44f3-b6e6-0da6fec37b9a', 'NEOID_75c740dd-88d6-423f-a4ec-79ed3270b072', 'NEOID_68829455-3c4f-4a9b-8ecd-fc971a637bd4', 'NEOID_936ba965-7e4e-43ae-8127-7afcf13ce5e1'];The diagram describes the fragment Fragment_1319.
Fragment_1320;['NEOID_3f20cae8-5078-408a-8ff7-377433fe4296', 'NEOID_1827b963-e66e-4e17-bbae-71625887f471', 'NEOID_90116d5b-72ed-4fc0-bae3-92834b2fcf83', 'NEOID_593c855f-7337-4841-b438-fc3b2c854f9b', 'NEOID_85ce4ff5-2ae4-49e3-9ba0-11d87fd1dba3', 'NEOID_2993a4d5-68c8-44f3-b6e6-0da6fec37b9a', 'NEOID_3f20cae8-5078-408a-8ff7-377433fe4296'];The diagram describes the fragment Fragment_1320.
Fragment_1321;['NEOID_593c855f-7337-4841-b438-fc3b2c854f9b', 'NEOID_3f20cae8-5078-408a-8ff7-377433fe4296', 'NEOID_1827b963-e66e-4e17-bbae-71625887f471', 'NEOID_c4757142-9b47-4dd2-887f-310e040ff9f3', 'NEOID_85ce4ff5-2ae4-49e3-9ba0-11d87fd1dba3', 'NEOID_3f20cae8-5078-408a-8ff7-377433fe4296', 'NEOID_593c855f-7337-4841-b438-fc3b2c854f9b'];The diagram describes the fragment Fragment_1321.
Fragment_1322;['NEOID_593c855f-7337-4841-b438-fc3b2c854f9b', 'NEOID_3f20cae8-5078-408a-8ff7-377433fe4296', 'NEOID_1827b963-e66e-4e17-bbae-71625887f471', 'NEOID_3585ca90-0558-45e4-912c-ea9b66d6a40f', 'NEOID_2993a4d5-68c8-44f3-b6e6-0da6fec37b9a', 'NEOID_3f20cae8-5078-408a-8ff7-377433fe4296', 'NEOID_593c855f-7337-4841-b438-fc3b2c854f9b'];The diagram describes the fragment Fragment_1322.
Fragment_1323;['NEOID_cdb1018b-6f0c-4e88-9da4-e18be0618ced', 'NEOID_b86c475e-80bc-4c9d-ae6d-fca8da383b4b', 'NEOID_3f20cae8-5078-408a-8ff7-377433fe4296', 'NEOID_1827b963-e66e-4e17-bbae-71625887f471', 'NEOID_83982b17-1c29-4e74-9063-be5033c19904', 'NEOID_75c740dd-88d6-423f-a4ec-79ed3270b072', 'NEOID_68829455-3c4f-4a9b-8ecd-fc971a637bd4', 'NEOID_936ba965-7e4e-43ae-8127-7afcf13ce5e1', 'NEOID_3f20cae8-5078-408a-8ff7-377433fe4296'];The diagram describes the fragment Fragment_1323.
Fragment_1324;['NEOID_75c740dd-88d6-423f-a4ec-79ed3270b072', 'NEOID_cdb1018b-6f0c-4e88-9da4-e18be0618ced', 'NEOID_b86c475e-80bc-4c9d-ae6d-fca8da383b4b', 'NEOID_3f20cae8-5078-408a-8ff7-377433fe4296', 'NEOID_1827b963-e66e-4e17-bbae-71625887f471', 'NEOID_6d4305aa-37b5-4767-9f9b-8053712c47c1', 'NEOID_936ba965-7e4e-43ae-8127-7afcf13ce5e1', 'NEOID_3f20cae8-5078-408a-8ff7-377433fe4296', 'NEOID_75c740dd-88d6-423f-a4ec-79ed3270b072'];The diagram describes the fragment Fragment_1324.
Fragment_1325;['NEOID_75c740dd-88d6-423f-a4ec-79ed3270b072', 'NEOID_cdb1018b-6f0c-4e88-9da4-e18be0618ced', 'NEOID_b86c475e-80bc-4c9d-ae6d-fca8da383b4b', 'NEOID_3f20cae8-5078-408a-8ff7-377433fe4296', 'NEOID_1827b963-e66e-4e17-bbae-71625887f471', 'NEOID_1579e61d-41c7-46d8-b391-1637c9f439c6', 'NEOID_68829455-3c4f-4a9b-8ecd-fc971a637bd4', 'NEOID_3f20cae8-5078-408a-8ff7-377433fe4296', 'NEOID_75c740dd-88d6-423f-a4ec-79ed3270b072'];The diagram describes the fragment Fragment_1325.
Fragment_1326;['NEOID_1827b963-e66e-4e17-bbae-71625887f471', 'NEOID_4a043487-64ed-4c57-8051-493c46147d99', 'NEOID_a2d88ce9-8b35-485e-aca9-048d0e1cc8ce'];The diagram describes the fragment Fragment_1326.
Fragment_1327;['NEOID_1827b963-e66e-4e17-bbae-71625887f471', 'NEOID_d3d1e2cc-11a4-4602-85da-794765171fe7', 'NEOID_e9d3e09c-5918-410a-99c7-81a15be36536'];The diagram describes the fragment Fragment_1327.
Fragment_1328;['NEOID_1827b963-e66e-4e17-bbae-71625887f471', 'NEOID_cfabe9f8-ff6c-4ee6-ab19-ae0bdc7f192e', 'NEOID_ff5f40e9-6e68-4358-ac31-80172947e8cc', 'NEOID_81c26a5f-75fd-48ef-8b86-e9622f9db9a3', 'NEOID_a784adb1-eb4a-4dfe-9a15-8c9fa2b4d0f5', 'NEOID_cbcb7825-0953-4bc7-ad39-25df871327b4', 'NEOID_3678bf54-489a-4183-9a75-ab58cb97a7a7'];The diagram describes the fragment Fragment_1328.
Fragment_1329;['NEOID_81c26a5f-75fd-48ef-8b86-e9622f9db9a3', 'NEOID_1827b963-e66e-4e17-bbae-71625887f471', 'NEOID_cfabe9f8-ff6c-4ee6-ab19-ae0bdc7f192e', 'NEOID_12e8dfb1-00b0-4e34-b453-c19568d9f37f', 'NEOID_cbcb7825-0953-4bc7-ad39-25df871327b4', 'NEOID_3678bf54-489a-4183-9a75-ab58cb97a7a7', 'NEOID_81c26a5f-75fd-48ef-8b86-e9622f9db9a3'];The diagram describes the fragment Fragment_1329.
Fragment_1330;['NEOID_cbcb7825-0953-4bc7-ad39-25df871327b4', 'NEOID_81c26a5f-75fd-48ef-8b86-e9622f9db9a3', 'NEOID_1827b963-e66e-4e17-bbae-71625887f471', 'NEOID_cfabe9f8-ff6c-4ee6-ab19-ae0bdc7f192e', 'NEOID_c1e255b0-1a1d-4eab-9416-32b7360e395c', 'NEOID_15af45f3-b3f9-4f94-a8af-418c7655695d', 'NEOID_3678bf54-489a-4183-9a75-ab58cb97a7a7', 'NEOID_81c26a5f-75fd-48ef-8b86-e9622f9db9a3', 'NEOID_cbcb7825-0953-4bc7-ad39-25df871327b4'];The diagram describes the fragment Fragment_1330.
Fragment_1331;['NEOID_81c26a5f-75fd-48ef-8b86-e9622f9db9a3', 'NEOID_1827b963-e66e-4e17-bbae-71625887f471', 'NEOID_cfabe9f8-ff6c-4ee6-ab19-ae0bdc7f192e', 'NEOID_b06d4794-97ec-443a-bb04-3bdcf0d475e4', 'NEOID_a784adb1-eb4a-4dfe-9a15-8c9fa2b4d0f5', 'NEOID_81c26a5f-75fd-48ef-8b86-e9622f9db9a3'];The diagram describes the fragment Fragment_1331.
Fragment_1332;['NEOID_1827b963-e66e-4e17-bbae-71625887f471', 'NEOID_d115fada-9c24-4947-9b4b-cca31aa4c29b', 'NEOID_ae17aace-1ad1-4543-9ef3-0f760fe257c2'];The diagram describes the fragment Fragment_1332.
Fragment_1333;['NEOID_3a23e1e4-cee9-4f62-9dda-7b378b18bd7a', 'NEOID_98131664-6bf8-422e-958d-18cf76dcc072', 'NEOID_1605ea3a-afbb-499f-8d63-37cdd165acbe', 'NEOID_f6cd6296-a4f2-44a9-8917-7027129ecd12', 'NEOID_6c3cc990-d13a-4e5b-bf4a-da29101473df', 'NEOID_3b38cc7e-d498-40ea-966c-fd876e1ce591', 'NEOID_3b696db6-844a-4490-b9cf-9df1284e0d15', 'NEOID_575b4f76-d5a7-49ae-8b46-f29fe13692f6', 'NEOID_f9a9ce21-a3f5-458a-b946-ca3a24efc3a7', 'NEOID_de51a01b-577b-4e3e-aca0-4f61553eaa96', 'NEOID_6c3cc990-d13a-4e5b-bf4a-da29101473df'];The diagram describes the fragment Fragment_1333.
Fragment_1334;['NEOID_4c1e798f-91c8-437f-8eb5-cc69eda615da', 'NEOID_a0449a64-cfc4-486a-baa6-085a7a7d11ec', 'NEOID_eff8821c-2de7-4959-8ee7-16531a16cc3a', 'NEOID_ba89e38b-ccbd-448a-9307-9030cba137b6', 'NEOID_ae9e2407-6982-4f96-8487-1ea5b588a724', 'NEOID_c40870d3-21aa-4c3f-8203-4f8e799cc3bd', 'NEOID_427c5e72-d23a-4883-bca2-b06ca48845b5', 'NEOID_6f92555a-ebc6-4619-b97f-3ffacf47057e', 'NEOID_1d96c236-c252-44b6-9297-3ad4837c9d3d', 'NEOID_5936f512-61af-4b8c-9a9d-cd8a7e881279', 'NEOID_f3faf84d-0450-42a5-8411-cc0e23fd757c', 'NEOID_3b27a008-f8a6-4098-9af8-9b04a370975c', 'NEOID_a4e893a2-252b-4abd-8061-7344532857a2', 'NEOID_143233dd-db6e-4cc1-a6de-85e39f61ce4b', 'NEOID_3145869c-ddec-409b-a191-b72a58078f89', 'NEOID_fb3b861a-5647-433c-b7a4-6c0c66a9e1a2', 'NEOID_48959ec4-b9dd-4d17-a224-25c728cb4f01'];The diagram describes the fragment Fragment_1334.
Fragment_1335;['NEOID_50ce36b0-d4d6-4e57-93c1-40b1a1ba6bf9', 'NEOID_7a01ae9b-93c2-435a-8d39-136985ce87eb', 'NEOID_d14b9f0f-c218-458e-b577-63b368f5dfd2', 'NEOID_cbd66feb-bac4-49ac-9a09-ab4f8557707c', 'NEOID_de91c1aa-8c7c-4e57-976c-714d8d363d23', 'NEOID_03a4bebd-0325-4152-a2ce-4cf1b55ee0fa', 'NEOID_6f92555a-ebc6-4619-b97f-3ffacf47057e', 'NEOID_ae9e2407-6982-4f96-8487-1ea5b588a724', 'NEOID_5936f512-61af-4b8c-9a9d-cd8a7e881279', 'NEOID_a0b959c7-b4a9-41a4-bdf3-22e81a4cac88', 'NEOID_7da5072f-d208-4f5f-a5bd-105db2bf9806'];The diagram describes the fragment Fragment_1335.
Fragment_1337;['NEOID_13dde8d3-40ab-412c-9880-4dab49ac27ab', 'NEOID_8bdfa03d-253f-407a-a88b-35280a524fd9', 'NEOID_6e9700bd-99d9-48fd-8d63-39095e1563e4', 'NEOID_3b27a008-f8a6-4098-9af8-9b04a370975c', 'NEOID_f3faf84d-0450-42a5-8411-cc0e23fd757c', 'NEOID_6594f496-880c-4ad7-ba2a-6a5d68628c67', 'NEOID_62bdbd99-78d5-45b6-8f3c-e205de1bba3d', 'NEOID_13dde8d3-40ab-412c-9880-4dab49ac27ab'];The diagram describes the fragment Fragment_1337.
Fragment_1338;['NEOID_427c5e72-d23a-4883-bca2-b06ca48845b5', 'NEOID_f3faf84d-0450-42a5-8411-cc0e23fd757c', 'NEOID_3b27a008-f8a6-4098-9af8-9b04a370975c', 'NEOID_6f92555a-ebc6-4619-b97f-3ffacf47057e', 'NEOID_50ce36b0-d4d6-4e57-93c1-40b1a1ba6bf9', 'NEOID_d41fcae6-ab69-42fd-a974-4bd79584fb60', 'NEOID_f6b1e5ba-dd94-451b-9159-5607b2063317'];The diagram describes the fragment Fragment_1338.
Fragment_1339;['NEOID_80066c9e-5629-4006-8a0f-0a38d3f3658e', 'NEOID_f3faf84d-0450-42a5-8411-cc0e23fd757c', 'NEOID_6f92555a-ebc6-4619-b97f-3ffacf47057e', 'NEOID_3b27a008-f8a6-4098-9af8-9b04a370975c', 'NEOID_427c5e72-d23a-4883-bca2-b06ca48845b5', 'NEOID_116a2477-b0a5-41fc-a34e-f4fc396ea5bd', 'NEOID_001d972c-4466-41d7-bbfa-889fb0a1d5b6'];The diagram describes the fragment Fragment_1339.
Fragment_1340;['NEOID_3b27a008-f8a6-4098-9af8-9b04a370975c', 'NEOID_f3faf84d-0450-42a5-8411-cc0e23fd757c', 'NEOID_f1e6fbdb-2f71-4873-9d81-a0e579c9926a', 'NEOID_c222538e-c5f8-4750-b30a-963ca162db08'];The diagram describes the fragment Fragment_1340.
Fragment_1341;['NEOID_f3faf84d-0450-42a5-8411-cc0e23fd757c', 'NEOID_3b27a008-f8a6-4098-9af8-9b04a370975c', 'NEOID_6f29530b-ae84-464b-accb-e727d932011a', 'NEOID_3ea4d4d0-111d-4a80-802d-904f40734247'];The diagram describes the fragment Fragment_1341.
Fragment_1342;['NEOID_8923b9d7-2f2a-4279-b3a5-dad0b1c3e5ee', 'NEOID_3b27a008-f8a6-4098-9af8-9b04a370975c', 'NEOID_9df10674-a384-4416-8853-17350c50530f', 'NEOID_7e234a85-b9e8-4f47-8895-8c1c7915166d', 'NEOID_8c80179f-6a9d-4cff-b51c-31e186b453b4', 'NEOID_29ec0dd4-53b5-475e-9d9f-ed2b00003e3b', 'NEOID_e7bc8703-fd31-4e71-990e-2d63534b61a5', 'NEOID_b1f3ded6-217d-49cf-85c4-1f98d931bccb', 'NEOID_f3faf84d-0450-42a5-8411-cc0e23fd757c', 'NEOID_427c5e72-d23a-4883-bca2-b06ca48845b5', 'NEOID_4a1a0480-b52c-4c4f-8286-62d7b40fd060', 'NEOID_1d58a016-c1a9-4445-b102-b09be3deee4f', 'NEOID_f1f30762-d16d-4959-9927-fd6c29a58b68'];The diagram describes the fragment Fragment_1342.
Fragment_1343;['NEOID_b0f33d2f-4e7f-49f0-9b3b-6a5eba46fe86', 'NEOID_3b27a008-f8a6-4098-9af8-9b04a370975c', 'NEOID_5936f512-61af-4b8c-9a9d-cd8a7e881279', 'NEOID_bcefc4f3-e54e-4606-b650-1a7466b60634', 'NEOID_278d2052-ad49-45d1-8bc0-c779bddd7dd1'];The diagram describes the fragment Fragment_1343.
Fragment_1344;['NEOID_6f92555a-ebc6-4619-b97f-3ffacf47057e', 'NEOID_5936f512-61af-4b8c-9a9d-cd8a7e881279', 'NEOID_7929e41d-425d-4d7d-b692-7ca85d703043', 'NEOID_d779e38f-3956-4fd5-a2cd-6361e232f8ec'];The diagram describes the fragment Fragment_1344.
Fragment_1345;['NEOID_5936f512-61af-4b8c-9a9d-cd8a7e881279', 'NEOID_314d032d-4dbe-4728-9ef6-aa695eda1a9f', 'NEOID_c43dc2cb-b761-402f-8e40-497df2e9576b'];The diagram describes the fragment Fragment_1345.
Fragment_1346;['NEOID_5936f512-61af-4b8c-9a9d-cd8a7e881279', 'NEOID_50ce36b0-d4d6-4e57-93c1-40b1a1ba6bf9', 'NEOID_6f92555a-ebc6-4619-b97f-3ffacf47057e', 'NEOID_2cb4808c-95c9-4ab8-a6df-c8c2c543062d', 'NEOID_a191e6ba-8d16-43b5-8718-4cb777667469'];The diagram describes the fragment Fragment_1346.
Fragment_1347;['NEOID_6f92555a-ebc6-4619-b97f-3ffacf47057e', 'NEOID_5936f512-61af-4b8c-9a9d-cd8a7e881279', 'NEOID_5be51dcb-54e5-4bca-90d0-81c4d0353e8d', 'NEOID_1a75bb37-115c-472a-8317-89d7484aa05d'];The diagram describes the fragment Fragment_1347.
Fragment_1348;['NEOID_6f92555a-ebc6-4619-b97f-3ffacf47057e', 'NEOID_5936f512-61af-4b8c-9a9d-cd8a7e881279', 'NEOID_189a655b-13ba-4702-a9aa-d7f3d6b44d7c', 'NEOID_8ab2a70d-0dc3-4e6f-90c2-9849c39388f7'];The diagram describes the fragment Fragment_1348.
Fragment_1349;['NEOID_6f92555a-ebc6-4619-b97f-3ffacf47057e', 'NEOID_3eae38c2-4363-4cbf-9826-7905ff4783a9', 'NEOID_7a01ae9b-93c2-435a-8d39-136985ce87eb', 'NEOID_5936f512-61af-4b8c-9a9d-cd8a7e881279', 'NEOID_a6612df4-cdb4-4e11-8e77-b20ec9729723', 'NEOID_0e32bf8a-dd5c-4fa5-9ece-e6516e6d1e88', 'NEOID_cbd66feb-bac4-49ac-9a09-ab4f8557707c', 'NEOID_b455e62d-5f61-4d03-8280-0151596c09c8', 'NEOID_03a4bebd-0325-4152-a2ce-4cf1b55ee0fa', 'NEOID_28071bd2-cc02-45f8-aa73-73473696cde5', 'NEOID_d14b9f0f-c218-458e-b577-63b368f5dfd2', 'NEOID_42853488-3120-4285-a110-620954809095', 'NEOID_de91c1aa-8c7c-4e57-976c-714d8d363d23', 'NEOID_50ce36b0-d4d6-4e57-93c1-40b1a1ba6bf9', 'NEOID_fb0ee8d3-398e-4f96-87cb-c854a599b660', 'NEOID_1649354d-3d16-45d0-8997-20531530d510', 'NEOID_d50607c9-dce3-4206-ba40-30cc949d6e4a'];The diagram describes the fragment Fragment_1349.
Fragment_1350;['NEOID_c40870d3-21aa-4c3f-8203-4f8e799cc3bd', 'NEOID_4c1e798f-91c8-437f-8eb5-cc69eda615da', 'NEOID_a0449a64-cfc4-486a-baa6-085a7a7d11ec', 'NEOID_cb29f684-e7a4-47a2-8fe9-a42dc217c0e8', 'NEOID_f092226c-c515-4b7b-b639-aa642825698d'];The diagram describes the fragment Fragment_1350.
Fragment_1351;['NEOID_a0449a64-cfc4-486a-baa6-085a7a7d11ec', 'NEOID_4c1e798f-91c8-437f-8eb5-cc69eda615da', 'NEOID_c40870d3-21aa-4c3f-8203-4f8e799cc3bd', 'NEOID_1207668a-ab7f-41b0-b409-4b1c6413d236', 'NEOID_c476fd61-4a71-45b1-a60f-299c2efc8eb5'];The diagram describes the fragment Fragment_1351.
Fragment_1352;['NEOID_a0449a64-cfc4-486a-baa6-085a7a7d11ec', 'NEOID_4c1e798f-91c8-437f-8eb5-cc69eda615da', 'NEOID_c40870d3-21aa-4c3f-8203-4f8e799cc3bd', 'NEOID_50f4d7c7-77d1-431d-b7b4-f7cfb9daff27', 'NEOID_5d3f6573-2fc1-4ea7-94bd-dd00e3f15520'];The diagram describes the fragment Fragment_1352.
Fragment_1353;['NEOID_c40870d3-21aa-4c3f-8203-4f8e799cc3bd', 'NEOID_4c1e798f-91c8-437f-8eb5-cc69eda615da', 'NEOID_a0449a64-cfc4-486a-baa6-085a7a7d11ec', 'NEOID_f3e23103-e070-42c8-a9ab-1f5fb6b9f092', 'NEOID_3c9fe8a3-c1f0-4622-95d0-60c8e981908a'];The diagram describes the fragment Fragment_1353.
Fragment_1354;['NEOID_a0449a64-cfc4-486a-baa6-085a7a7d11ec', 'NEOID_c40870d3-21aa-4c3f-8203-4f8e799cc3bd', 'NEOID_4c1e798f-91c8-437f-8eb5-cc69eda615da', 'NEOID_fd73dde4-286c-4e99-bff8-a8544c63702f', 'NEOID_f7545e3a-24c5-41d7-bf37-b8da31c8cec5'];The diagram describes the fragment Fragment_1354.
Fragment_1355;['NEOID_4c1e798f-91c8-437f-8eb5-cc69eda615da', 'NEOID_a0449a64-cfc4-486a-baa6-085a7a7d11ec', 'NEOID_c40870d3-21aa-4c3f-8203-4f8e799cc3bd', 'NEOID_0097c7a4-b8f8-4d5f-ad5a-27e53d009332', 'NEOID_cbbd53be-fb16-4f9e-b5fa-ced4dabe83b0'];The diagram describes the fragment Fragment_1355.
Fragment_1356;['NEOID_d667ee96-3410-4ea0-ad8d-2037d49e0f1e', 'NEOID_edbbe8b0-0c38-4131-9ae2-3ed6062029d1', 'NEOID_a6612df4-cdb4-4e11-8e77-b20ec9729723', 'NEOID_8ad5eedf-2e9b-4f90-98b7-ceed3ea2541f', 'NEOID_c6ffc693-5c5a-45f2-9d78-fac06875c1af', 'NEOID_bf1415e3-f7a2-43e5-9f9c-e1b693717a34', 'NEOID_758409ca-0ea6-42f6-85f6-d09e593061e1', 'NEOID_10304679-a31b-4d3b-a7ea-e8bb6d82ad99', 'NEOID_fb0ee8d3-398e-4f96-87cb-c854a599b660', 'NEOID_fb209d08-12d9-4693-a4ab-57f1f469199d', 'NEOID_790d9ed5-2b1f-49a0-adfc-979deecb5f6c', 'NEOID_44df5fa4-78fb-4978-a04f-3a28a35b9a35', 'NEOID_0aea1f8e-87b3-4c74-8573-0cc9011c3d81'];The diagram describes the fragment Fragment_1356.
Fragment_1357;['NEOID_a45ae1c3-efab-4513-a43b-62c760e32e02', 'NEOID_ab9e6ed4-aa80-4cb9-b44e-fdc97455067b', 'NEOID_7d5511a2-8248-4083-86b9-a760f2f878d7', 'NEOID_9db37c2e-3b69-46ea-99a9-1040327a8a8e', 'NEOID_3dd29338-d237-4417-a7e5-f2d12574db63', 'NEOID_21ed9354-aeb6-4232-b5f3-c4ca13448427', 'NEOID_7a28c6f3-cfda-4160-96d0-b6ff6710b202', 'NEOID_967e05b8-ea08-47ef-91f9-c9c69686b3a1', 'NEOID_306c9c15-6d83-4891-ba57-b6ec8022194d', 'NEOID_7e8a9515-53bd-437a-815f-82c7c411ddf3', 'NEOID_9254ee1a-382e-40e8-bcab-f4dbfc49975c'];The diagram describes the fragment Fragment_1357.
Fragment_1358;['NEOID_ab9e6ed4-aa80-4cb9-b44e-fdc97455067b', 'NEOID_306c9c15-6d83-4891-ba57-b6ec8022194d', 'NEOID_9db37c2e-3b69-46ea-99a9-1040327a8a8e', 'NEOID_7d5511a2-8248-4083-86b9-a760f2f878d7', 'NEOID_83fd1d9f-ec8b-4f55-a71b-35078bc06d1c', 'NEOID_67447686-7821-4c48-a6f8-14dc59329455', 'NEOID_b348ea1a-7a5d-4f4f-9be2-be59a2717220', 'NEOID_00187e7a-5bf3-4a8f-aa93-a16751cd230f', 'NEOID_5200c469-b2d8-47fe-9207-7c7a8415b62b', 'NEOID_a32e9177-eff5-47fc-a45b-91ceda4bd0a4', 'NEOID_67447686-7821-4c48-a6f8-14dc59329455'];The diagram describes the fragment Fragment_1358.
Fragment_1359;['NEOID_83fd1d9f-ec8b-4f55-a71b-35078bc06d1c', 'NEOID_d91a05d8-0783-4263-8086-3ae3093ad6b4', 'NEOID_0d7d5a1b-0882-46e4-9aae-20d0a423d227', 'NEOID_3b38cc7e-d498-40ea-966c-fd876e1ce591', 'NEOID_67ef5e15-a9e7-430a-b7b5-d6172d9e89ae', 'NEOID_7a16c38a-3cf8-4899-ab82-f9d01eafb2e6', 'NEOID_49aa4b92-4610-4597-8bea-f1813ee41915'];The diagram describes the fragment Fragment_1359.
Fragment_1360;['NEOID_b348ea1a-7a5d-4f4f-9be2-be59a2717220', 'NEOID_00187e7a-5bf3-4a8f-aa93-a16751cd230f', 'NEOID_b72300dc-058b-4f0e-aa68-27262c6feb63', 'NEOID_67447686-7821-4c48-a6f8-14dc59329455', 'NEOID_a32e9177-eff5-47fc-a45b-91ceda4bd0a4'];The diagram describes the fragment Fragment_1360.
Fragment_1361;['NEOID_38d1e83d-3a7c-4a43-a55b-92b748efe1ce', 'NEOID_0d7788ef-c6b0-492a-8733-e845fef75337', 'NEOID_22af968a-7710-4de0-b945-7cebcdd5757c'];The diagram describes the fragment Fragment_1361.
Fragment_1362;['NEOID_c7d3ce6a-9576-46c1-8567-ec96917a4321', 'NEOID_6f10e2d9-1a1a-49e8-a3dc-e0deba04ed40', 'NEOID_f1ccf06f-0f45-4c2f-b356-794b712a77ad', 'NEOID_73f671b2-2531-45de-bfad-da3a777e8cd4'];The diagram describes the fragment Fragment_1362.
Fragment_1363;['NEOID_e75e831a-fd0b-4086-9bf1-f4668d883110', 'NEOID_3801511d-c99e-41fd-bf22-b77a0e40b9ea', 'NEOID_a869cedb-e60d-44e0-89c7-04793a352074', 'NEOID_be49a4fe-a4f8-46f7-9cb2-0f4ea0229cdb', 'NEOID_38b1e27e-a998-4c29-ad66-14464930b87f', 'NEOID_fc672f6b-3020-409c-96a7-423eb1cfb716', 'NEOID_ef06665c-1660-4e03-a8e2-6ee8247c5787', 'NEOID_95136f68-72cc-40ab-95df-4fbe2135bbe3', 'NEOID_3f74376a-9248-414c-a3a1-e35c639c3b38', 'NEOID_7fb5c0c1-8b90-4549-a795-3158abbcb3be', 'NEOID_886642ae-08fe-48ae-b51d-cf8e5f89fdfd'];The diagram describes the fragment Fragment_1363.
Fragment_1364;['NEOID_3801511d-c99e-41fd-bf22-b77a0e40b9ea', 'NEOID_be49a4fe-a4f8-46f7-9cb2-0f4ea0229cdb', 'NEOID_ef06665c-1660-4e03-a8e2-6ee8247c5787', 'NEOID_95136f68-72cc-40ab-95df-4fbe2135bbe3', 'NEOID_a869cedb-e60d-44e0-89c7-04793a352074', 'NEOID_e75e831a-fd0b-4086-9bf1-f4668d883110', 'NEOID_38b1e27e-a998-4c29-ad66-14464930b87f', 'NEOID_3f74376a-9248-414c-a3a1-e35c639c3b38', 'NEOID_5f7ea139-8b91-406b-933f-f56d8305e4aa', 'NEOID_59a7ecf4-5d58-4692-a490-9353c78dfe95'];The diagram describes the fragment Fragment_1364.
Fragment_1365;['NEOID_be49a4fe-a4f8-46f7-9cb2-0f4ea0229cdb', 'NEOID_3801511d-c99e-41fd-bf22-b77a0e40b9ea', 'NEOID_90b83346-a002-4e7c-8308-b6183427c79b', 'NEOID_7315db74-b5b7-4c5f-b917-be4864182131'];The diagram describes the fragment Fragment_1365.
Fragment_1366;['NEOID_38b1e27e-a998-4c29-ad66-14464930b87f', 'NEOID_95136f68-72cc-40ab-95df-4fbe2135bbe3', 'NEOID_0cd85547-d7c3-4029-ae81-d6ea1f4de37a', 'NEOID_541198ff-5a95-4db3-b5f0-f9824502fee2'];The diagram describes the fragment Fragment_1366.
Fragment_1367;['NEOID_fc672f6b-3020-409c-96a7-423eb1cfb716', 'NEOID_6806b606-b71e-48cd-bc07-df75ea9642a3', 'NEOID_a184e5ab-69f9-4a1c-b209-78a9c4992c80'];The diagram describes the fragment Fragment_1367.
Fragment_1368;['NEOID_3f74376a-9248-414c-a3a1-e35c639c3b38', 'NEOID_ef06665c-1660-4e03-a8e2-6ee8247c5787', 'NEOID_d929725f-ebb0-4561-a363-7a661ea0daf4', 'NEOID_7f3b7b36-2fd1-4f73-9ba3-504e7c2d32f2'];The diagram describes the fragment Fragment_1368.
Fragment_1369;['NEOID_a869cedb-e60d-44e0-89c7-04793a352074', 'NEOID_e75e831a-fd0b-4086-9bf1-f4668d883110', 'NEOID_047d6168-4da4-4606-a642-ed9f1c00e32f', 'NEOID_489080a8-27c0-4db9-9180-55223509028f'];The diagram describes the fragment Fragment_1369.
Fragment_1370;['NEOID_849911bb-e23b-48e6-8b44-f0752e992aa0', 'NEOID_ad9a1d2f-7053-4680-b7fc-cb49a5db8618', 'NEOID_4cb61217-260a-4215-8cd1-ce420e419f3a', 'NEOID_efb76626-cdb9-4dfe-b9a7-fedee38468ac', 'NEOID_54683b63-b3f9-49fe-bb67-671dcbc9c379', 'NEOID_cd24105c-f646-487d-a31b-eaa309b6ca61', 'NEOID_33dd77c5-314b-480e-ae08-962e6c8b9978', 'NEOID_23edb8f9-776c-4209-9ce2-56c22f6b89bf', 'NEOID_3a9a6abc-582c-4b1e-9a19-f4b9f5abc12a', 'NEOID_3b28370b-c95f-45d5-920a-317bffb1616f', 'NEOID_62826d64-7eaf-4fd1-af19-4b149c3a3e1d', 'NEOID_4ab968c3-a83f-4d6d-848f-3968be29288d', 'NEOID_465c319b-f855-4248-95a3-b3002da30938', 'NEOID_06f4ebd7-a162-4dc4-99af-522a09a4ab71', 'NEOID_42c78eb6-6223-4d1b-be3a-e967e6f7abde'];The diagram describes the fragment Fragment_1370.
Fragment_1371;['NEOID_1075aa94-041b-460a-98b5-008c6d841751', 'NEOID_6fff61d0-e29f-4f72-83c4-84a766710084', 'NEOID_47c62808-3e8a-4e03-89db-00c7fd3e4357', 'NEOID_481a4c04-4fcf-4480-8a10-1c55fb423706', 'NEOID_f6aede67-49dd-4196-a46e-360aa16e4ebd', 'NEOID_34eb309e-0147-4593-88a7-1073ff081bd4'];The diagram describes the fragment Fragment_1371.
Fragment_1372;['NEOID_4af45aba-29b2-4b57-81ae-e3b8a5801d02', 'NEOID_04e56ac4-1547-496f-993b-e8bd5fb30284', 'NEOID_226051e6-18ce-4f1c-8505-45d7b3a2cb3c'];The diagram describes the fragment Fragment_1372.
Fragment_1373;['NEOID_4af45aba-29b2-4b57-81ae-e3b8a5801d02', 'NEOID_6b257c12-63a9-43c8-b9c3-f19a0a13af84', 'NEOID_3279609b-d291-4486-8e5a-10a0dc611a97'];The diagram describes the fragment Fragment_1373.
Fragment_1374;['NEOID_4af45aba-29b2-4b57-81ae-e3b8a5801d02', 'NEOID_e174146c-3304-444b-b2a6-7b456de9aa9d', 'NEOID_f0e103d4-cf65-49d2-9faa-f91d6a48841e'];The diagram describes the fragment Fragment_1374.
Fragment_1375;['NEOID_50ce36b0-d4d6-4e57-93c1-40b1a1ba6bf9', 'NEOID_a53ca31c-6cb8-44f3-89a3-f894bcfbe449', 'NEOID_fe815c7b-f2a9-4ecb-a5d9-ef2e1d59cd67'];The diagram describes the fragment Fragment_1375.
Fragment_1376;['NEOID_186d2b00-1923-4e41-90f5-845a70c80c62', 'NEOID_bfcb2445-93c1-478d-abab-bc22ea9369df', 'NEOID_ef8d4a9b-fd29-4882-97af-a2257d039e0b', 'NEOID_fc2392c2-b089-4746-bcdb-6ea53ee134db', 'NEOID_cf326141-448b-49da-a5ab-da316b4e0f32'];The diagram describes the fragment Fragment_1376.
Fragment_1377;['NEOID_f4620b94-0c30-4c8b-b3e7-bc243f7e4972', 'NEOID_987a4030-a9ec-4705-9987-f20d745f98c3', 'NEOID_f4b738f6-1051-4134-9073-80909cf5eb29', 'NEOID_9879af76-78c7-47f5-aa6c-8a666dbc89ea', 'NEOID_817a744e-c5b6-471c-ad03-17a7eb34c72e', 'NEOID_92f4a694-1dd3-42c3-ac86-f37dfd007814'];The diagram describes the fragment Fragment_1377.
Fragment_1378;['NEOID_817a744e-c5b6-471c-ad03-17a7eb34c72e', 'NEOID_f4620b94-0c30-4c8b-b3e7-bc243f7e4972', 'NEOID_987a4030-a9ec-4705-9987-f20d745f98c3', 'NEOID_f4b738f6-1051-4134-9073-80909cf5eb29', 'NEOID_7e234a85-b9e8-4f47-8895-8c1c7915166d', 'NEOID_897a908f-fbc9-4205-bbb3-1fece6570ff3', 'NEOID_92f4a694-1dd3-42c3-ac86-f37dfd007814', 'NEOID_817a744e-c5b6-471c-ad03-17a7eb34c72e'];The diagram describes the fragment Fragment_1378.
Fragment_1379;['NEOID_7a01ae9b-93c2-435a-8d39-136985ce87eb', 'NEOID_0c5e818d-6fa0-4219-941b-54f2f0f08969', 'NEOID_e87f49e0-30c7-4b73-bb94-945c06e4c41c', 'NEOID_7e234a85-b9e8-4f47-8895-8c1c7915166d', 'NEOID_aaefc09c-de67-4f8b-a232-5c0c29de5b05', 'NEOID_3041acc5-6a32-4e1d-b17b-29a760bde524', 'NEOID_41eeda4a-cfb0-428a-96a3-cdd255117b1e'];The diagram describes the fragment Fragment_1379.
Fragment_1380;['NEOID_e87f49e0-30c7-4b73-bb94-945c06e4c41c', 'NEOID_7e234a85-b9e8-4f47-8895-8c1c7915166d', 'NEOID_4a1a0480-b52c-4c4f-8286-62d7b40fd060', 'NEOID_8923b9d7-2f2a-4279-b3a5-dad0b1c3e5ee', 'NEOID_b1f3ded6-217d-49cf-85c4-1f98d931bccb', 'NEOID_a92da441-1eaa-493d-9e0d-45e74702acee', 'NEOID_29ec0dd4-53b5-475e-9d9f-ed2b00003e3b', 'NEOID_dbd0d5a2-fd1a-461d-b8ae-4a9ce570e723', 'NEOID_23d7f4ef-c598-4e82-8be3-2e2d95dcf3d2', 'NEOID_a01ffd09-ff35-4e5e-b52f-35b3a8ee4cfc', 'NEOID_b24e480f-f344-4513-a0d3-202da8e564d5', 'NEOID_a565882a-a563-402e-8708-04ce80eada0c', 'NEOID_dbd0d5a2-fd1a-461d-b8ae-4a9ce570e723'];The diagram describes the fragment Fragment_1380.
Fragment_1381;['NEOID_a92da441-1eaa-493d-9e0d-45e74702acee', 'NEOID_864835a1-b761-4e13-b474-b1ab6b6caeae', 'NEOID_89e3ae3f-2101-4b32-89e6-a39eb312a6b9'];The diagram describes the fragment Fragment_1381.
Fragment_1382;['NEOID_98df7e24-2eed-404c-af59-b9ec4a3bbe2c', 'NEOID_64acc69f-80b7-496d-9da3-703773f3db19', 'NEOID_4393cc7f-d1c9-4e8a-b654-6759f392adb2', 'NEOID_4cb61217-260a-4215-8cd1-ce420e419f3a', 'NEOID_3acd4aec-54e2-42d5-a014-ac0ade233e43', 'NEOID_b069f407-f37f-4700-96af-3e29416f8c39', 'NEOID_51eba9ae-22d1-4696-b022-608d58c8b608', 'NEOID_69128a96-aa7c-4a2b-9dfb-272c9568fbb9', 'NEOID_76c7b473-fb59-4b32-8238-08660f6fd8f1'];The diagram describes the fragment Fragment_1382.
Fragment_1383;['NEOID_3eae38c2-4363-4cbf-9826-7905ff4783a9', 'NEOID_8923b9d7-2f2a-4279-b3a5-dad0b1c3e5ee', 'NEOID_7a01ae9b-93c2-435a-8d39-136985ce87eb', 'NEOID_e87f49e0-30c7-4b73-bb94-945c06e4c41c', 'NEOID_cbd66feb-bac4-49ac-9a09-ab4f8557707c', 'NEOID_e5839e6c-63c4-4373-ad0c-13701808f95d', 'NEOID_683eac6d-1fdb-45a7-bb9c-96837fa70ca3', 'NEOID_ab752a0a-0a68-48c3-a78b-1d3cca0e6884', 'NEOID_3aaffbfe-04b9-470e-9cd7-f15e07a2fd17', 'NEOID_282e3bfe-d35f-42b9-91d5-352cac5474bc', 'NEOID_ad38a015-58ab-4527-96e7-1120b23654b4', 'NEOID_d707bf11-b102-4ed3-aca3-d2c40028586c', 'NEOID_0541c50a-d067-4e3d-8ec3-6642a665faeb', 'NEOID_46e63884-789e-4915-97c0-94f0010642b0', 'NEOID_9eb7fe4c-9306-417f-afda-39cfa41fcfa4', 'NEOID_dbd0d5a2-fd1a-461d-b8ae-4a9ce570e723', 'NEOID_23d7f4ef-c598-4e82-8be3-2e2d95dcf3d2', 'NEOID_a01ffd09-ff35-4e5e-b52f-35b3a8ee4cfc', 'NEOID_70d511d3-ff93-492a-8f7a-7ae3b146b033', 'NEOID_b455e62d-5f61-4d03-8280-0151596c09c8', 'NEOID_c49921b4-c8d6-40c0-b24a-31f689c8808a', 'NEOID_688ec5fb-6686-4214-a5eb-f4d0a5cd49f5', 'NEOID_fab9116a-8662-49b3-9e0e-591b4677835e', 'NEOID_29fbd104-a5f3-4066-9a46-d8d2a1caac61', 'NEOID_93dfc503-eae1-4ab5-9980-bde8a17612bc', 'NEOID_28071bd2-cc02-45f8-aa73-73473696cde5', 'NEOID_b1f3ded6-217d-49cf-85c4-1f98d931bccb', 'NEOID_29ec0dd4-53b5-475e-9d9f-ed2b00003e3b', 'NEOID_03a4bebd-0325-4152-a2ce-4cf1b55ee0fa', 'NEOID_9df10674-a384-4416-8853-17350c50530f', 'NEOID_e9d7c18d-9570-4b95-95ca-00c7b9ce3fae', 'NEOID_7e234a85-b9e8-4f47-8895-8c1c7915166d', 'NEOID_de91c1aa-8c7c-4e57-976c-714d8d363d23', 'NEOID_e7bc8703-fd31-4e71-990e-2d63534b61a5', 'NEOID_4a1a0480-b52c-4c4f-8286-62d7b40fd060', 'NEOID_42853488-3120-4285-a110-620954809095', 'NEOID_d14b9f0f-c218-458e-b577-63b368f5dfd2', 'NEOID_b01f5059-0d77-40d7-9190-c20c4b2a2f31', 'NEOID_7683e64a-0325-49d0-b6d0-711be73f1d13', 'NEOID_e9d7c18d-9570-4b95-95ca-00c7b9ce3fae', 'NEOID_d707bf11-b102-4ed3-aca3-d2c40028586c', 'NEOID_3aaffbfe-04b9-470e-9cd7-f15e07a2fd17', 'NEOID_e5839e6c-63c4-4373-ad0c-13701808f95d', 'NEOID_dbd0d5a2-fd1a-461d-b8ae-4a9ce570e723'];The diagram describes the fragment Fragment_1383.
Fragment_1384;['NEOID_b1f3ded6-217d-49cf-85c4-1f98d931bccb', 'NEOID_7a01ae9b-93c2-435a-8d39-136985ce87eb', 'NEOID_7e234a85-b9e8-4f47-8895-8c1c7915166d', 'NEOID_cbd66feb-bac4-49ac-9a09-ab4f8557707c', 'NEOID_e87f49e0-30c7-4b73-bb94-945c06e4c41c', 'NEOID_8923b9d7-2f2a-4279-b3a5-dad0b1c3e5ee', 'NEOID_4a1a0480-b52c-4c4f-8286-62d7b40fd060', 'NEOID_d14b9f0f-c218-458e-b577-63b368f5dfd2', 'NEOID_29ec0dd4-53b5-475e-9d9f-ed2b00003e3b', 'NEOID_0efa3a76-aed7-4c61-b058-b096fb920801', 'NEOID_1aa79785-3f7a-4fb9-968f-2f946ad86d40'];The diagram describes the fragment Fragment_1384.
Fragment_1385;['NEOID_03a4bebd-0325-4152-a2ce-4cf1b55ee0fa', 'NEOID_e87f49e0-30c7-4b73-bb94-945c06e4c41c', 'NEOID_9df10674-a384-4416-8853-17350c50530f', 'NEOID_d707bf11-b102-4ed3-aca3-d2c40028586c', 'NEOID_0541c50a-d067-4e3d-8ec3-6642a665faeb', 'NEOID_46e63884-789e-4915-97c0-94f0010642b0', 'NEOID_9eb7fe4c-9306-417f-afda-39cfa41fcfa4', 'NEOID_dbd0d5a2-fd1a-461d-b8ae-4a9ce570e723', 'NEOID_23d7f4ef-c598-4e82-8be3-2e2d95dcf3d2', 'NEOID_a01ffd09-ff35-4e5e-b52f-35b3a8ee4cfc', 'NEOID_70d511d3-ff93-492a-8f7a-7ae3b146b033', 'NEOID_b455e62d-5f61-4d03-8280-0151596c09c8', 'NEOID_c49921b4-c8d6-40c0-b24a-31f689c8808a', 'NEOID_688ec5fb-6686-4214-a5eb-f4d0a5cd49f5', 'NEOID_fab9116a-8662-49b3-9e0e-591b4677835e', 'NEOID_29fbd104-a5f3-4066-9a46-d8d2a1caac61', 'NEOID_93dfc503-eae1-4ab5-9980-bde8a17612bc', 'NEOID_28071bd2-cc02-45f8-aa73-73473696cde5', 'NEOID_7a01ae9b-93c2-435a-8d39-136985ce87eb', 'NEOID_7e234a85-b9e8-4f47-8895-8c1c7915166d', 'NEOID_ee46a816-c8fb-4eb0-8960-03969b682440', 'NEOID_d0a490ee-bb80-4b14-ac1f-a9ff4a253ad1', 'NEOID_d707bf11-b102-4ed3-aca3-d2c40028586c', 'NEOID_dbd0d5a2-fd1a-461d-b8ae-4a9ce570e723'];The diagram describes the fragment Fragment_1385.
Fragment_1386;['NEOID_7e234a85-b9e8-4f47-8895-8c1c7915166d', 'NEOID_e87f49e0-30c7-4b73-bb94-945c06e4c41c', 'NEOID_8980b0f6-5292-4e6a-8d15-6b57e8438a85', 'NEOID_bda8e77e-a3ba-4c18-95c6-cf388417a281'];The diagram describes the fragment Fragment_1386.
Fragment_1387;['NEOID_70d511d3-ff93-492a-8f7a-7ae3b146b033', 'NEOID_29ec0dd4-53b5-475e-9d9f-ed2b00003e3b', 'NEOID_29fbd104-a5f3-4066-9a46-d8d2a1caac61', 'NEOID_7e234a85-b9e8-4f47-8895-8c1c7915166d', 'NEOID_b1f3ded6-217d-49cf-85c4-1f98d931bccb', 'NEOID_4a1a0480-b52c-4c4f-8286-62d7b40fd060', 'NEOID_8923b9d7-2f2a-4279-b3a5-dad0b1c3e5ee', 'NEOID_dbd0d5a2-fd1a-461d-b8ae-4a9ce570e723', 'NEOID_23d7f4ef-c598-4e82-8be3-2e2d95dcf3d2', 'NEOID_a01ffd09-ff35-4e5e-b52f-35b3a8ee4cfc', 'NEOID_9df10674-a384-4416-8853-17350c50530f', 'NEOID_e7bc8703-fd31-4e71-990e-2d63534b61a5', 'NEOID_ba6e11ce-280d-4138-97da-b2784653a78b', 'NEOID_38549ddb-b096-4bdc-bff8-6f4502f2380f', 'NEOID_dbd0d5a2-fd1a-461d-b8ae-4a9ce570e723'];The diagram describes the fragment Fragment_1387.
Fragment_1388;['NEOID_7e234a85-b9e8-4f47-8895-8c1c7915166d', 'NEOID_9df10674-a384-4416-8853-17350c50530f', 'NEOID_de91c1aa-8c7c-4e57-976c-714d8d363d23', 'NEOID_e7bc8703-fd31-4e71-990e-2d63534b61a5', 'NEOID_70d511d3-ff93-492a-8f7a-7ae3b146b033', 'NEOID_03a4bebd-0325-4152-a2ce-4cf1b55ee0fa', 'NEOID_7a01ae9b-93c2-435a-8d39-136985ce87eb', 'NEOID_29fbd104-a5f3-4066-9a46-d8d2a1caac61', 'NEOID_90aee5bd-142c-44d0-b84a-d95bfc407b0d', 'NEOID_e9d7c18d-9570-4b95-95ca-00c7b9ce3fae', 'NEOID_7683e64a-0325-49d0-b6d0-711be73f1d13'];The diagram describes the fragment Fragment_1388.
Fragment_1389;['NEOID_7e234a85-b9e8-4f47-8895-8c1c7915166d', 'NEOID_29ec0dd4-53b5-475e-9d9f-ed2b00003e3b', 'NEOID_4a1a0480-b52c-4c4f-8286-62d7b40fd060', 'NEOID_3b9c01df-ce8f-4667-9109-0f3dfcf1a98c', 'NEOID_39081331-4515-4eca-8f2e-2d829def1470'];The diagram describes the fragment Fragment_1389.
Fragment_1390;['NEOID_9df10674-a384-4416-8853-17350c50530f', 'NEOID_29ec0dd4-53b5-475e-9d9f-ed2b00003e3b', 'NEOID_e5839e6c-63c4-4373-ad0c-13701808f95d', 'NEOID_683eac6d-1fdb-45a7-bb9c-96837fa70ca3', 'NEOID_ab752a0a-0a68-48c3-a78b-1d3cca0e6884', 'NEOID_3aaffbfe-04b9-470e-9cd7-f15e07a2fd17', 'NEOID_282e3bfe-d35f-42b9-91d5-352cac5474bc', 'NEOID_ad38a015-58ab-4527-96e7-1120b23654b4', 'NEOID_b1f3ded6-217d-49cf-85c4-1f98d931bccb', 'NEOID_8923b9d7-2f2a-4279-b3a5-dad0b1c3e5ee', 'NEOID_4a1a0480-b52c-4c4f-8286-62d7b40fd060', 'NEOID_e4294cfa-c925-4b73-8518-d113cdd857cc', 'NEOID_0136268d-f22a-40f3-b6c3-7ea74478a6b1', 'NEOID_3aaffbfe-04b9-470e-9cd7-f15e07a2fd17', 'NEOID_e5839e6c-63c4-4373-ad0c-13701808f95d'];The diagram describes the fragment Fragment_1390.
Fragment_1391;['NEOID_4a1a0480-b52c-4c4f-8286-62d7b40fd060', 'NEOID_b1f3ded6-217d-49cf-85c4-1f98d931bccb', 'NEOID_17bc8ec6-ad45-48cc-b64f-12e66d1b604f', 'NEOID_8a63f3ff-c6af-4149-84ec-319f28599dfb'];The diagram describes the fragment Fragment_1391.
Fragment_1392;['NEOID_d14b9f0f-c218-458e-b577-63b368f5dfd2', 'NEOID_4a1a0480-b52c-4c4f-8286-62d7b40fd060', 'NEOID_b9b9e171-54e8-43eb-ad79-c86fea64ed28', 'NEOID_8be60414-fd39-4939-b196-2a43e013b790'];The diagram describes the fragment Fragment_1392.
Fragment_1393;['NEOID_b1f3ded6-217d-49cf-85c4-1f98d931bccb', 'NEOID_0eb0ade9-8f0b-4c9b-942a-d0e9cc79fa20', 'NEOID_723e9385-9dc6-4ee7-a095-47900b9e7d07'];The diagram describes the fragment Fragment_1393.
Fragment_1394;['NEOID_d14b9f0f-c218-458e-b577-63b368f5dfd2', 'NEOID_7a01ae9b-93c2-435a-8d39-136985ce87eb', 'NEOID_3eae38c2-4363-4cbf-9826-7905ff4783a9', 'NEOID_cbd66feb-bac4-49ac-9a09-ab4f8557707c', 'NEOID_60bf5c55-2148-4d99-97a4-122a6b291157', 'NEOID_a26487b8-d6bb-4ab1-acff-6e9a0cdfd38c'];The diagram describes the fragment Fragment_1394.
Fragment_1395;['NEOID_7a01ae9b-93c2-435a-8d39-136985ce87eb', 'NEOID_b58c57c1-252e-4250-9aeb-732558befa04', 'NEOID_b1e12255-ddf2-4033-9e9a-10eb61e13dc3'];The diagram describes the fragment Fragment_1395.
Fragment_1396;['NEOID_3eae38c2-4363-4cbf-9826-7905ff4783a9', 'NEOID_7a01ae9b-93c2-435a-8d39-136985ce87eb', 'NEOID_cbd66feb-bac4-49ac-9a09-ab4f8557707c', 'NEOID_d14b9f0f-c218-458e-b577-63b368f5dfd2', 'NEOID_03a4bebd-0325-4152-a2ce-4cf1b55ee0fa', 'NEOID_de91c1aa-8c7c-4e57-976c-714d8d363d23', 'NEOID_ad7ac233-b00f-4112-96e6-5377c2cb7063', 'NEOID_3fd202a6-c156-42b3-96c4-653218fdcdde'];The diagram describes the fragment Fragment_1396.
Fragment_1397;['NEOID_d14b9f0f-c218-458e-b577-63b368f5dfd2', 'NEOID_03a4bebd-0325-4152-a2ce-4cf1b55ee0fa', 'NEOID_cbd66feb-bac4-49ac-9a09-ab4f8557707c', 'NEOID_42853488-3120-4285-a110-620954809095', 'NEOID_3eae38c2-4363-4cbf-9826-7905ff4783a9', 'NEOID_12d7c381-0be1-43cc-bc87-08e371348c5f', 'NEOID_b05d7673-839d-4522-b722-9ec4782e5f83'];The diagram describes the fragment Fragment_1397.
Fragment_1398;['NEOID_d14b9f0f-c218-458e-b577-63b368f5dfd2', 'NEOID_9e188778-43cb-46ca-80ef-4dde06afc483', 'NEOID_7eb72cce-b839-4f80-b741-f7d32dc63b4a'];The diagram describes the fragment Fragment_1398.
Fragment_1399;['NEOID_e87f49e0-30c7-4b73-bb94-945c06e4c41c', 'NEOID_8b36b5f0-a402-4017-b725-b1154790056f', 'NEOID_99a904ea-7719-4334-9856-89e3e0993f1f'];The diagram describes the fragment Fragment_1399.
Fragment_1400;['NEOID_0541c50a-d067-4e3d-8ec3-6642a665faeb', 'NEOID_46e63884-789e-4915-97c0-94f0010642b0', 'NEOID_9eb7fe4c-9306-417f-afda-39cfa41fcfa4', 'NEOID_dbd0d5a2-fd1a-461d-b8ae-4a9ce570e723', 'NEOID_23d7f4ef-c598-4e82-8be3-2e2d95dcf3d2', 'NEOID_a01ffd09-ff35-4e5e-b52f-35b3a8ee4cfc', 'NEOID_70d511d3-ff93-492a-8f7a-7ae3b146b033', 'NEOID_b455e62d-5f61-4d03-8280-0151596c09c8', 'NEOID_c49921b4-c8d6-40c0-b24a-31f689c8808a', 'NEOID_688ec5fb-6686-4214-a5eb-f4d0a5cd49f5', 'NEOID_fab9116a-8662-49b3-9e0e-591b4677835e', 'NEOID_29fbd104-a5f3-4066-9a46-d8d2a1caac61', 'NEOID_93dfc503-eae1-4ab5-9980-bde8a17612bc', 'NEOID_28071bd2-cc02-45f8-aa73-73473696cde5', 'NEOID_72791372-402b-464c-848c-e1773f8d6aee', 'NEOID_d707bf11-b102-4ed3-aca3-d2c40028586c', 'NEOID_7683e64a-0325-49d0-b6d0-711be73f1d13', 'NEOID_d0a490ee-bb80-4b14-ac1f-a9ff4a253ad1', 'NEOID_dbd0d5a2-fd1a-461d-b8ae-4a9ce570e723'];The diagram describes the fragment Fragment_1400.
Fragment_1401;['NEOID_9eb7fe4c-9306-417f-afda-39cfa41fcfa4', 'NEOID_422f76bc-a650-470b-a958-ac48119db1c8', 'NEOID_98dfecc3-756b-4ce0-840e-3180dac77d05'];The diagram describes the fragment Fragment_1401.
Fragment_1402;['NEOID_758409ca-0ea6-42f6-85f6-d09e593061e1', 'NEOID_5946fb4b-20d4-404a-a4c1-93b801439924', 'NEOID_c6ffc693-5c5a-45f2-9d78-fac06875c1af', 'NEOID_9ad9e46e-ad2f-4463-8f15-7027c50d3929', 'NEOID_7888b42a-6cc6-4e50-81ec-dcb990c28290'];The diagram describes the fragment Fragment_1402.
Fragment_1403;['NEOID_8bdfa03d-253f-407a-a88b-35280a524fd9', 'NEOID_6e9700bd-99d9-48fd-8d63-39095e1563e4', 'NEOID_be28e2cc-8e35-4217-990c-d608fab0eae1', 'NEOID_13dde8d3-40ab-412c-9880-4dab49ac27ab', 'NEOID_62bdbd99-78d5-45b6-8f3c-e205de1bba3d'];The diagram describes the fragment Fragment_1403.
Fragment_1404;['NEOID_c49921b4-c8d6-40c0-b24a-31f689c8808a', 'NEOID_024ba71e-c961-44fb-885e-c069c99f7b47', 'NEOID_61e3a3f9-efbe-4480-8788-50c21aa8b302'];The diagram describes the fragment Fragment_1404.
Fragment_1405;['NEOID_28071bd2-cc02-45f8-aa73-73473696cde5', 'NEOID_782679a6-affe-42d4-b49d-1eb442e50dab', 'NEOID_ed72d49f-3638-4176-b347-0e5959d7d7af'];The diagram describes the fragment Fragment_1405.
Fragment_1406;['NEOID_34f969c1-08f7-4510-9488-6e4f8fc64279', 'NEOID_6e76d8cb-0094-4720-91b8-25c7caedd56d', 'NEOID_cab0b778-f515-4d1d-b863-b411cded149d'];The diagram describes the fragment Fragment_1406.
Fragment_1407;['NEOID_34f969c1-08f7-4510-9488-6e4f8fc64279', 'NEOID_9cf66bf4-24c7-49b3-9486-5003014a2c3a', 'NEOID_9fc605bf-3224-4478-b95d-7c3fd19d2b70'];The diagram describes the fragment Fragment_1407.
Fragment_1408;['NEOID_9ca1b156-870b-460f-9edb-5a3ebe361070', 'NEOID_50553b32-ee66-4fcb-b753-2528ad6d90f1', 'NEOID_636c5c14-ad66-44e5-a48e-079e89c36a90', 'NEOID_53c47050-7cb8-4633-b67d-06346d6801b3'];The diagram describes the fragment Fragment_1408.
Fragment_1409;['NEOID_ced719cb-e3c7-4508-8081-ffb36cf79377', 'NEOID_1fee440c-4f6b-48a1-9046-be06acb42756', 'NEOID_da2932f5-a19c-4bec-a4d4-6c09c0285f50', 'NEOID_5a250da6-df0b-4090-ac9b-0645de688f05'];The diagram describes the fragment Fragment_1409.
Fragment_1410;['NEOID_282e3bfe-d35f-42b9-91d5-352cac5474bc', 'NEOID_ad38a015-58ab-4527-96e7-1120b23654b4', 'NEOID_e6e7c360-3948-48ad-820b-49d7fd740ea8', 'NEOID_3aaffbfe-04b9-470e-9cd7-f15e07a2fd17', 'NEOID_e5839e6c-63c4-4373-ad0c-13701808f95d', 'NEOID_7683e64a-0325-49d0-b6d0-711be73f1d13', 'NEOID_0136268d-f22a-40f3-b6c3-7ea74478a6b1'];The diagram describes the fragment Fragment_1410.
Fragment_1411;['NEOID_683eac6d-1fdb-45a7-bb9c-96837fa70ca3', 'NEOID_ab752a0a-0a68-48c3-a78b-1d3cca0e6884', 'NEOID_3aaffbfe-04b9-470e-9cd7-f15e07a2fd17', 'NEOID_282e3bfe-d35f-42b9-91d5-352cac5474bc', 'NEOID_ad38a015-58ab-4527-96e7-1120b23654b4', 'NEOID_6b2734a0-4031-498d-96c2-e08ac3519d42', 'NEOID_e5839e6c-63c4-4373-ad0c-13701808f95d', 'NEOID_7683e64a-0325-49d0-b6d0-711be73f1d13', 'NEOID_0136268d-f22a-40f3-b6c3-7ea74478a6b1', 'NEOID_3aaffbfe-04b9-470e-9cd7-f15e07a2fd17'];The diagram describes the fragment Fragment_1411.
Fragment_1412;['NEOID_ab752a0a-0a68-48c3-a78b-1d3cca0e6884', 'NEOID_42853488-3120-4285-a110-620954809095', 'NEOID_3eae38c2-4363-4cbf-9826-7905ff4783a9', 'NEOID_460ed819-8d0c-4b34-9873-b9b190fc910e', 'NEOID_c8326e87-564b-4362-9396-74c313f0b1b3'];The diagram describes the fragment Fragment_1412.
Fragment_1413;['NEOID_3eae38c2-4363-4cbf-9826-7905ff4783a9', 'NEOID_1555f9b6-a528-4072-8825-2bdc73e2f17f', 'NEOID_94b29c51-647d-48b6-9a77-209f2894044d'];The diagram describes the fragment Fragment_1413.
Fragment_1414;['NEOID_a01ffd09-ff35-4e5e-b52f-35b3a8ee4cfc', 'NEOID_41fb80b6-c899-4f54-ac82-92432bd488d2', 'NEOID_23d7f4ef-c598-4e82-8be3-2e2d95dcf3d2', 'NEOID_8ef2dcab-3de8-4aa3-aa2c-8d15af6d5b70', 'NEOID_70bd1ea9-7355-4492-8ffc-bcb0c96f877b'];The diagram describes the fragment Fragment_1414.
Fragment_1415;['NEOID_23d7f4ef-c598-4e82-8be3-2e2d95dcf3d2', 'NEOID_a01ffd09-ff35-4e5e-b52f-35b3a8ee4cfc', 'NEOID_e0ea89c1-10d6-4bb6-91a7-247c93231af1', 'NEOID_dbd0d5a2-fd1a-461d-b8ae-4a9ce570e723', 'NEOID_d707bf11-b102-4ed3-aca3-d2c40028586c', 'NEOID_7683e64a-0325-49d0-b6d0-711be73f1d13', 'NEOID_d0a490ee-bb80-4b14-ac1f-a9ff4a253ad1', 'NEOID_38549ddb-b096-4bdc-bff8-6f4502f2380f', 'NEOID_a565882a-a563-402e-8708-04ce80eada0c'];The diagram describes the fragment Fragment_1415.
Fragment_1416;['NEOID_66af7ad0-1f57-406b-9aa9-067a7b3fb9bd', 'NEOID_c159a29c-c364-4d61-907d-59d57d82d822', 'NEOID_0fea8c6d-e814-4fb2-87d9-816247e312cc', 'NEOID_1f43ecd2-7b55-4038-936f-8fdf6307729d'];The diagram describes the fragment Fragment_1416.
Fragment_1417;['NEOID_668a211b-88ff-4480-a415-f27f20b2d0e4', 'NEOID_3b696db6-844a-4490-b9cf-9df1284e0d15', 'NEOID_1d0cb64c-f159-4886-9241-744187d456bb', 'NEOID_8a65fa74-c1ac-46fa-9a70-73603e0048d9'];The diagram describes the fragment Fragment_1417.
Fragment_1418;['NEOID_71bcbd9e-8966-4ad0-a535-5d7011526b06', 'NEOID_f5c44556-ad5c-4aba-ba43-04a6572a8c96', 'NEOID_29b4ef72-12e4-4f3c-8ac7-a6677b48c85e', 'NEOID_01c291dd-bc5e-4862-ac1b-41ae6c3219e2', 'NEOID_02fd0f46-a7c9-4bc4-8b4d-4e5d0c7e4b95', 'NEOID_02c6df15-80a6-4ad1-927f-957e3df8c96c', 'NEOID_f6dab8bb-ff0b-4abc-8bed-5d101ad83539', 'NEOID_39d205a5-670f-4f36-b9d4-b2e7cf5e3d76', 'NEOID_a6c8dfdf-ce54-4c61-81de-fbdd0f81baef', 'NEOID_a8600926-8682-4788-b6ae-6e9ec1f3d229', 'NEOID_541952cf-9992-44ee-b444-c189a4396fbd', 'NEOID_bec4fab1-4ec8-438d-b096-067cf3d82a55', 'NEOID_05b1782f-6e1e-40e1-aec5-70702e0e81ca', 'NEOID_e0dd6bb3-c976-4af9-b1d8-df1313a195dd', 'NEOID_481a4c04-4fcf-4480-8a10-1c55fb423706', 'NEOID_d3e79dfc-7518-4d18-9c67-c7a8c62a2f8c', 'NEOID_e50524ad-d45e-401a-a755-f0db27db8ce4', 'NEOID_f6df5ca2-0ea5-407e-bc17-d4a2cea8f59f', 'NEOID_3ac3b8a3-424c-4c4d-ad23-ffa822967788', 'NEOID_f8dedc25-0b12-4f0f-85f6-f07e8a0a07c6', 'NEOID_2c64500c-8b8e-47cf-86a0-1c0890215eb2', 'NEOID_444aeeab-c686-44e0-b863-9af1ed3734e6', 'NEOID_484f4d95-e12a-4b49-b910-a7167ea3e724', 'NEOID_bf825ad0-449b-4db2-b5b8-264ec90b1d1f', 'NEOID_c86e6a2e-23da-4cae-bc2f-c555bfe0a3f0', 'NEOID_e1c066f9-00a8-4d44-b857-803d53025fd7', 'NEOID_2349b5e6-72d5-4cab-8ab7-bcc84a626e5b', 'NEOID_668a211b-88ff-4480-a415-f27f20b2d0e4', 'NEOID_96a312fc-3095-4586-a1fa-ac41f3e1f6cd', 'NEOID_c261ee56-5d68-46ca-aaf5-d9ba09934202', 'NEOID_11c4c698-7861-495f-b874-b5acf84832bd', 'NEOID_33f97b28-8d73-4f72-b0c9-464b97991a0c'];The diagram describes the fragment Fragment_1418.
Fragment_1419;['NEOID_3b38cc7e-d498-40ea-966c-fd876e1ce591', 'NEOID_3b696db6-844a-4490-b9cf-9df1284e0d15', 'NEOID_d918a321-7821-4d95-96dc-144d0c9f457f', 'NEOID_6c3cc990-d13a-4e5b-bf4a-da29101473df', 'NEOID_a013a022-0254-4bdb-8bd3-7c5dc5c8fe97', 'NEOID_de51a01b-577b-4e3e-aca0-4f61553eaa96'];The diagram describes the fragment Fragment_1419.
Fragment_1420;['NEOID_6c3cc990-d13a-4e5b-bf4a-da29101473df', 'NEOID_3b38cc7e-d498-40ea-966c-fd876e1ce591', 'NEOID_3b696db6-844a-4490-b9cf-9df1284e0d15', 'NEOID_1fdc0f87-b2d5-495c-ac04-299006c481ef', 'NEOID_a013a022-0254-4bdb-8bd3-7c5dc5c8fe97', 'NEOID_6c3cc990-d13a-4e5b-bf4a-da29101473df'];The diagram describes the fragment Fragment_1420.
Fragment_1421;['NEOID_24853eaf-a8ae-47ed-ae83-cb88eb56cbd9', 'NEOID_49977132-0c25-4667-a942-602387e98c0a', 'NEOID_7257a107-9d75-4833-aa82-4090074075b8', 'NEOID_550a4404-29f8-49c3-a3ac-4200d9803fd6'];The diagram describes the fragment Fragment_1421.
Fragment_1422;['NEOID_a8600926-8682-4788-b6ae-6e9ec1f3d229', 'NEOID_d3e79dfc-7518-4d18-9c67-c7a8c62a2f8c', 'NEOID_f8dedc25-0b12-4f0f-85f6-f07e8a0a07c6', 'NEOID_29b4ef72-12e4-4f3c-8ac7-a6677b48c85e', 'NEOID_e0dd6bb3-c976-4af9-b1d8-df1313a195dd', 'NEOID_a6c8dfdf-ce54-4c61-81de-fbdd0f81baef', 'NEOID_541952cf-9992-44ee-b444-c189a4396fbd', 'NEOID_01c291dd-bc5e-4862-ac1b-41ae6c3219e2', 'NEOID_c86e6a2e-23da-4cae-bc2f-c555bfe0a3f0', 'NEOID_bec4fab1-4ec8-438d-b096-067cf3d82a55', 'NEOID_bf825ad0-449b-4db2-b5b8-264ec90b1d1f', 'NEOID_05b1782f-6e1e-40e1-aec5-70702e0e81ca', 'NEOID_e1c066f9-00a8-4d44-b857-803d53025fd7', 'NEOID_444aeeab-c686-44e0-b863-9af1ed3734e6', 'NEOID_2c64500c-8b8e-47cf-86a0-1c0890215eb2', 'NEOID_02c6df15-80a6-4ad1-927f-957e3df8c96c', 'NEOID_f5c44556-ad5c-4aba-ba43-04a6572a8c96', 'NEOID_2349b5e6-72d5-4cab-8ab7-bcc84a626e5b', 'NEOID_e50524ad-d45e-401a-a755-f0db27db8ce4', 'NEOID_f6df5ca2-0ea5-407e-bc17-d4a2cea8f59f', 'NEOID_71bcbd9e-8966-4ad0-a535-5d7011526b06', 'NEOID_f6dab8bb-ff0b-4abc-8bed-5d101ad83539', 'NEOID_c261ee56-5d68-46ca-aaf5-d9ba09934202', 'NEOID_02fd0f46-a7c9-4bc4-8b4d-4e5d0c7e4b95', 'NEOID_3ac3b8a3-424c-4c4d-ad23-ffa822967788', 'NEOID_39d205a5-670f-4f36-b9d4-b2e7cf5e3d76', 'NEOID_210238b2-67cf-4110-acaa-2528cd76153a', 'NEOID_4874e3d6-7159-4df9-a164-e57e42df9815'];The diagram describes the fragment Fragment_1422.
Fragment_1423;['NEOID_e1c066f9-00a8-4d44-b857-803d53025fd7', 'NEOID_bf825ad0-449b-4db2-b5b8-264ec90b1d1f', 'NEOID_05b1782f-6e1e-40e1-aec5-70702e0e81ca', 'NEOID_2c64500c-8b8e-47cf-86a0-1c0890215eb2', 'NEOID_39d205a5-670f-4f36-b9d4-b2e7cf5e3d76', 'NEOID_a8600926-8682-4788-b6ae-6e9ec1f3d229', 'NEOID_f6df5ca2-0ea5-407e-bc17-d4a2cea8f59f', 'NEOID_77cd29b9-830b-4d19-a79c-adccbbfc5936', 'NEOID_72edb339-866e-4aaa-99ae-5c8de441ed68', 'NEOID_b0b91e73-a1ed-44c3-8ef2-a4574a5b7786', 'NEOID_1a815a31-82dc-4981-b4a9-032049a0ca4f', 'NEOID_4df3c14d-530f-4217-a265-c3da47522af1', 'NEOID_dd923f27-dd07-4bb7-87bf-5598e0548415', 'NEOID_5da26895-de0f-4d1b-b7ab-5f31d6015e55', 'NEOID_6935ff1b-67d1-4bdf-a391-f3e6a164426c', 'NEOID_7adb9ccd-4b26-4ab8-8105-8b12d4f29b37', 'NEOID_c9d96ce1-f9d3-4382-bbee-816ebb9302d7', 'NEOID_73a207a1-d61c-484e-b3ef-e02b50cd0dac', 'NEOID_8dce19d6-187f-4a98-86ac-f80bfd359c8d', 'NEOID_896d7790-3591-49b3-be53-67012f9b0756'];The diagram describes the fragment Fragment_1423.
Fragment_1424;['NEOID_72edb339-866e-4aaa-99ae-5c8de441ed68', 'NEOID_e1c066f9-00a8-4d44-b857-803d53025fd7', 'NEOID_bf825ad0-449b-4db2-b5b8-264ec90b1d1f', 'NEOID_05b1782f-6e1e-40e1-aec5-70702e0e81ca', 'NEOID_2c64500c-8b8e-47cf-86a0-1c0890215eb2', 'NEOID_39d205a5-670f-4f36-b9d4-b2e7cf5e3d76', 'NEOID_a8600926-8682-4788-b6ae-6e9ec1f3d229', 'NEOID_f6df5ca2-0ea5-407e-bc17-d4a2cea8f59f', 'NEOID_6569a863-5e65-4d1b-84da-75c9400e48f7', 'NEOID_73a207a1-d61c-484e-b3ef-e02b50cd0dac', 'NEOID_8dce19d6-187f-4a98-86ac-f80bfd359c8d', 'NEOID_896d7790-3591-49b3-be53-67012f9b0756', 'NEOID_72edb339-866e-4aaa-99ae-5c8de441ed68'];The diagram describes the fragment Fragment_1424.
Fragment_1425;['NEOID_f3dc7320-8788-4501-ab81-6182c794df24', 'NEOID_f6dab8bb-ff0b-4abc-8bed-5d101ad83539', 'NEOID_c86e6a2e-23da-4cae-bc2f-c555bfe0a3f0', 'NEOID_29b4ef72-12e4-4f3c-8ac7-a6677b48c85e', 'NEOID_bec4fab1-4ec8-438d-b096-067cf3d82a55', 'NEOID_444aeeab-c686-44e0-b863-9af1ed3734e6', 'NEOID_e50524ad-d45e-401a-a755-f0db27db8ce4', 'NEOID_f8dedc25-0b12-4f0f-85f6-f07e8a0a07c6', 'NEOID_02c6df15-80a6-4ad1-927f-957e3df8c96c', 'NEOID_2349b5e6-72d5-4cab-8ab7-bcc84a626e5b', 'NEOID_541952cf-9992-44ee-b444-c189a4396fbd', 'NEOID_c261ee56-5d68-46ca-aaf5-d9ba09934202', 'NEOID_f5c44556-ad5c-4aba-ba43-04a6572a8c96', 'NEOID_d3e79dfc-7518-4d18-9c67-c7a8c62a2f8c', 'NEOID_73a207a1-d61c-484e-b3ef-e02b50cd0dac', 'NEOID_72edb339-866e-4aaa-99ae-5c8de441ed68', 'NEOID_e1c066f9-00a8-4d44-b857-803d53025fd7', 'NEOID_bf825ad0-449b-4db2-b5b8-264ec90b1d1f', 'NEOID_05b1782f-6e1e-40e1-aec5-70702e0e81ca', 'NEOID_2c64500c-8b8e-47cf-86a0-1c0890215eb2', 'NEOID_39d205a5-670f-4f36-b9d4-b2e7cf5e3d76', 'NEOID_a8600926-8682-4788-b6ae-6e9ec1f3d229', 'NEOID_f6df5ca2-0ea5-407e-bc17-d4a2cea8f59f', 'NEOID_4e2413c6-b459-4d48-9ed7-1babd40574b0', 'NEOID_896d7790-3591-49b3-be53-67012f9b0756', 'NEOID_72edb339-866e-4aaa-99ae-5c8de441ed68', 'NEOID_73a207a1-d61c-484e-b3ef-e02b50cd0dac', 'NEOID_f3dc7320-8788-4501-ab81-6182c794df24'];The diagram describes the fragment Fragment_1425.
Fragment_1426;['NEOID_f3dc7320-8788-4501-ab81-6182c794df24', 'NEOID_f6dab8bb-ff0b-4abc-8bed-5d101ad83539', 'NEOID_c86e6a2e-23da-4cae-bc2f-c555bfe0a3f0', 'NEOID_29b4ef72-12e4-4f3c-8ac7-a6677b48c85e', 'NEOID_bec4fab1-4ec8-438d-b096-067cf3d82a55', 'NEOID_444aeeab-c686-44e0-b863-9af1ed3734e6', 'NEOID_e50524ad-d45e-401a-a755-f0db27db8ce4', 'NEOID_f8dedc25-0b12-4f0f-85f6-f07e8a0a07c6', 'NEOID_02c6df15-80a6-4ad1-927f-957e3df8c96c', 'NEOID_2349b5e6-72d5-4cab-8ab7-bcc84a626e5b', 'NEOID_541952cf-9992-44ee-b444-c189a4396fbd', 'NEOID_c261ee56-5d68-46ca-aaf5-d9ba09934202', 'NEOID_f5c44556-ad5c-4aba-ba43-04a6572a8c96', 'NEOID_d3e79dfc-7518-4d18-9c67-c7a8c62a2f8c', 'NEOID_73a207a1-d61c-484e-b3ef-e02b50cd0dac', 'NEOID_72edb339-866e-4aaa-99ae-5c8de441ed68', 'NEOID_e1c066f9-00a8-4d44-b857-803d53025fd7', 'NEOID_bf825ad0-449b-4db2-b5b8-264ec90b1d1f', 'NEOID_05b1782f-6e1e-40e1-aec5-70702e0e81ca', 'NEOID_2c64500c-8b8e-47cf-86a0-1c0890215eb2', 'NEOID_39d205a5-670f-4f36-b9d4-b2e7cf5e3d76', 'NEOID_a8600926-8682-4788-b6ae-6e9ec1f3d229', 'NEOID_f6df5ca2-0ea5-407e-bc17-d4a2cea8f59f', 'NEOID_3134505d-8fd3-4387-acb3-d6953e2b627a', 'NEOID_8dce19d6-187f-4a98-86ac-f80bfd359c8d', 'NEOID_72edb339-866e-4aaa-99ae-5c8de441ed68', 'NEOID_73a207a1-d61c-484e-b3ef-e02b50cd0dac', 'NEOID_f3dc7320-8788-4501-ab81-6182c794df24'];The diagram describes the fragment Fragment_1426.
Fragment_1427;['NEOID_72edb339-866e-4aaa-99ae-5c8de441ed68', 'NEOID_e1c066f9-00a8-4d44-b857-803d53025fd7', 'NEOID_bf825ad0-449b-4db2-b5b8-264ec90b1d1f', 'NEOID_05b1782f-6e1e-40e1-aec5-70702e0e81ca', 'NEOID_2c64500c-8b8e-47cf-86a0-1c0890215eb2', 'NEOID_39d205a5-670f-4f36-b9d4-b2e7cf5e3d76', 'NEOID_a8600926-8682-4788-b6ae-6e9ec1f3d229', 'NEOID_f6df5ca2-0ea5-407e-bc17-d4a2cea8f59f', 'NEOID_19171429-ca5e-4f10-8d2f-3284141c2873', 'NEOID_4df3c14d-530f-4217-a265-c3da47522af1', 'NEOID_dd923f27-dd07-4bb7-87bf-5598e0548415', 'NEOID_5da26895-de0f-4d1b-b7ab-5f31d6015e55', 'NEOID_6935ff1b-67d1-4bdf-a391-f3e6a164426c', 'NEOID_72edb339-866e-4aaa-99ae-5c8de441ed68'];The diagram describes the fragment Fragment_1427.
Fragment_1428;['NEOID_f3dc7320-8788-4501-ab81-6182c794df24', 'NEOID_f6dab8bb-ff0b-4abc-8bed-5d101ad83539', 'NEOID_c86e6a2e-23da-4cae-bc2f-c555bfe0a3f0', 'NEOID_29b4ef72-12e4-4f3c-8ac7-a6677b48c85e', 'NEOID_bec4fab1-4ec8-438d-b096-067cf3d82a55', 'NEOID_444aeeab-c686-44e0-b863-9af1ed3734e6', 'NEOID_e50524ad-d45e-401a-a755-f0db27db8ce4', 'NEOID_f8dedc25-0b12-4f0f-85f6-f07e8a0a07c6', 'NEOID_02c6df15-80a6-4ad1-927f-957e3df8c96c', 'NEOID_2349b5e6-72d5-4cab-8ab7-bcc84a626e5b', 'NEOID_541952cf-9992-44ee-b444-c189a4396fbd', 'NEOID_c261ee56-5d68-46ca-aaf5-d9ba09934202', 'NEOID_f5c44556-ad5c-4aba-ba43-04a6572a8c96', 'NEOID_d3e79dfc-7518-4d18-9c67-c7a8c62a2f8c', 'NEOID_4df3c14d-530f-4217-a265-c3da47522af1', 'NEOID_72edb339-866e-4aaa-99ae-5c8de441ed68', 'NEOID_e1c066f9-00a8-4d44-b857-803d53025fd7', 'NEOID_bf825ad0-449b-4db2-b5b8-264ec90b1d1f', 'NEOID_05b1782f-6e1e-40e1-aec5-70702e0e81ca', 'NEOID_2c64500c-8b8e-47cf-86a0-1c0890215eb2', 'NEOID_39d205a5-670f-4f36-b9d4-b2e7cf5e3d76', 'NEOID_a8600926-8682-4788-b6ae-6e9ec1f3d229', 'NEOID_f6df5ca2-0ea5-407e-bc17-d4a2cea8f59f', 'NEOID_a7b3eac9-abd1-4b46-bb9f-148be6917594', 'NEOID_5da26895-de0f-4d1b-b7ab-5f31d6015e55', 'NEOID_6935ff1b-67d1-4bdf-a391-f3e6a164426c', 'NEOID_72edb339-866e-4aaa-99ae-5c8de441ed68', 'NEOID_4df3c14d-530f-4217-a265-c3da47522af1', 'NEOID_f3dc7320-8788-4501-ab81-6182c794df24'];The diagram describes the fragment Fragment_1428.
Fragment_1429;['NEOID_575b4f76-d5a7-49ae-8b46-f29fe13692f6', 'NEOID_5da26895-de0f-4d1b-b7ab-5f31d6015e55', 'NEOID_f3dc7320-8788-4501-ab81-6182c794df24', 'NEOID_f6dab8bb-ff0b-4abc-8bed-5d101ad83539', 'NEOID_c86e6a2e-23da-4cae-bc2f-c555bfe0a3f0', 'NEOID_29b4ef72-12e4-4f3c-8ac7-a6677b48c85e', 'NEOID_bec4fab1-4ec8-438d-b096-067cf3d82a55', 'NEOID_444aeeab-c686-44e0-b863-9af1ed3734e6', 'NEOID_e50524ad-d45e-401a-a755-f0db27db8ce4', 'NEOID_f8dedc25-0b12-4f0f-85f6-f07e8a0a07c6', 'NEOID_02c6df15-80a6-4ad1-927f-957e3df8c96c', 'NEOID_2349b5e6-72d5-4cab-8ab7-bcc84a626e5b', 'NEOID_541952cf-9992-44ee-b444-c189a4396fbd', 'NEOID_c261ee56-5d68-46ca-aaf5-d9ba09934202', 'NEOID_f5c44556-ad5c-4aba-ba43-04a6572a8c96', 'NEOID_d3e79dfc-7518-4d18-9c67-c7a8c62a2f8c', 'NEOID_4df3c14d-530f-4217-a265-c3da47522af1', 'NEOID_72edb339-866e-4aaa-99ae-5c8de441ed68', 'NEOID_80911c16-ee0e-45fb-be56-5922f2aec553', 'NEOID_6935ff1b-67d1-4bdf-a391-f3e6a164426c', 'NEOID_72edb339-866e-4aaa-99ae-5c8de441ed68', 'NEOID_4df3c14d-530f-4217-a265-c3da47522af1', 'NEOID_5da26895-de0f-4d1b-b7ab-5f31d6015e55', 'NEOID_f3dc7320-8788-4501-ab81-6182c794df24'];The diagram describes the fragment Fragment_1429.
Fragment_1430;['NEOID_4df3c14d-530f-4217-a265-c3da47522af1', 'NEOID_72edb339-866e-4aaa-99ae-5c8de441ed68', 'NEOID_e1c066f9-00a8-4d44-b857-803d53025fd7', 'NEOID_bf825ad0-449b-4db2-b5b8-264ec90b1d1f', 'NEOID_05b1782f-6e1e-40e1-aec5-70702e0e81ca', 'NEOID_2c64500c-8b8e-47cf-86a0-1c0890215eb2', 'NEOID_39d205a5-670f-4f36-b9d4-b2e7cf5e3d76', 'NEOID_a8600926-8682-4788-b6ae-6e9ec1f3d229', 'NEOID_f6df5ca2-0ea5-407e-bc17-d4a2cea8f59f', 'NEOID_6916e0cf-3812-4696-a506-283aeae4848e', 'NEOID_dd923f27-dd07-4bb7-87bf-5598e0548415', 'NEOID_72edb339-866e-4aaa-99ae-5c8de441ed68', 'NEOID_4df3c14d-530f-4217-a265-c3da47522af1'];The diagram describes the fragment Fragment_1430.
Fragment_1431;['NEOID_72edb339-866e-4aaa-99ae-5c8de441ed68', 'NEOID_e1c066f9-00a8-4d44-b857-803d53025fd7', 'NEOID_bf825ad0-449b-4db2-b5b8-264ec90b1d1f', 'NEOID_05b1782f-6e1e-40e1-aec5-70702e0e81ca', 'NEOID_2c64500c-8b8e-47cf-86a0-1c0890215eb2', 'NEOID_39d205a5-670f-4f36-b9d4-b2e7cf5e3d76', 'NEOID_a8600926-8682-4788-b6ae-6e9ec1f3d229', 'NEOID_f6df5ca2-0ea5-407e-bc17-d4a2cea8f59f', 'NEOID_4f3bca82-5d35-435e-9523-d1ccc3b2f99d', 'NEOID_b0b91e73-a1ed-44c3-8ef2-a4574a5b7786', 'NEOID_72edb339-866e-4aaa-99ae-5c8de441ed68'];The diagram describes the fragment Fragment_1431.
Fragment_1432;['NEOID_72edb339-866e-4aaa-99ae-5c8de441ed68', 'NEOID_e1c066f9-00a8-4d44-b857-803d53025fd7', 'NEOID_bf825ad0-449b-4db2-b5b8-264ec90b1d1f', 'NEOID_05b1782f-6e1e-40e1-aec5-70702e0e81ca', 'NEOID_2c64500c-8b8e-47cf-86a0-1c0890215eb2', 'NEOID_39d205a5-670f-4f36-b9d4-b2e7cf5e3d76', 'NEOID_a8600926-8682-4788-b6ae-6e9ec1f3d229', 'NEOID_f6df5ca2-0ea5-407e-bc17-d4a2cea8f59f', 'NEOID_c60ccd17-3745-433d-ae45-89bda94b631b', 'NEOID_c9d96ce1-f9d3-4382-bbee-816ebb9302d7', 'NEOID_72edb339-866e-4aaa-99ae-5c8de441ed68'];The diagram describes the fragment Fragment_1432.
Fragment_1433;['NEOID_72edb339-866e-4aaa-99ae-5c8de441ed68', 'NEOID_e1c066f9-00a8-4d44-b857-803d53025fd7', 'NEOID_bf825ad0-449b-4db2-b5b8-264ec90b1d1f', 'NEOID_05b1782f-6e1e-40e1-aec5-70702e0e81ca', 'NEOID_2c64500c-8b8e-47cf-86a0-1c0890215eb2', 'NEOID_39d205a5-670f-4f36-b9d4-b2e7cf5e3d76', 'NEOID_a8600926-8682-4788-b6ae-6e9ec1f3d229', 'NEOID_f6df5ca2-0ea5-407e-bc17-d4a2cea8f59f', 'NEOID_def3f5cf-6c9f-4099-8136-6547e42e2842', 'NEOID_7adb9ccd-4b26-4ab8-8105-8b12d4f29b37', 'NEOID_72edb339-866e-4aaa-99ae-5c8de441ed68'];The diagram describes the fragment Fragment_1433.
Fragment_1434;['NEOID_72edb339-866e-4aaa-99ae-5c8de441ed68', 'NEOID_e1c066f9-00a8-4d44-b857-803d53025fd7', 'NEOID_bf825ad0-449b-4db2-b5b8-264ec90b1d1f', 'NEOID_05b1782f-6e1e-40e1-aec5-70702e0e81ca', 'NEOID_2c64500c-8b8e-47cf-86a0-1c0890215eb2', 'NEOID_39d205a5-670f-4f36-b9d4-b2e7cf5e3d76', 'NEOID_a8600926-8682-4788-b6ae-6e9ec1f3d229', 'NEOID_f6df5ca2-0ea5-407e-bc17-d4a2cea8f59f', 'NEOID_e8d42afe-1115-46aa-b0e2-77574b2749a0', 'NEOID_1a815a31-82dc-4981-b4a9-032049a0ca4f', 'NEOID_72edb339-866e-4aaa-99ae-5c8de441ed68'];The diagram describes the fragment Fragment_1434.
Fragment_1435;['NEOID_f6df5ca2-0ea5-407e-bc17-d4a2cea8f59f', 'NEOID_2c64500c-8b8e-47cf-86a0-1c0890215eb2', 'NEOID_bf825ad0-449b-4db2-b5b8-264ec90b1d1f', 'NEOID_e1c066f9-00a8-4d44-b857-803d53025fd7', 'NEOID_39d205a5-670f-4f36-b9d4-b2e7cf5e3d76', 'NEOID_a8600926-8682-4788-b6ae-6e9ec1f3d229', 'NEOID_846065b3-9dc6-4710-9289-414a1e9dff48', 'NEOID_7643eb07-816f-457a-a1ed-4a02d156b616'];The diagram describes the fragment Fragment_1435.
Fragment_1436;['NEOID_a6c8dfdf-ce54-4c61-81de-fbdd0f81baef', 'NEOID_e1c066f9-00a8-4d44-b857-803d53025fd7', 'NEOID_f6df5ca2-0ea5-407e-bc17-d4a2cea8f59f', 'NEOID_444aeeab-c686-44e0-b863-9af1ed3734e6', 'NEOID_3ac3b8a3-424c-4c4d-ad23-ffa822967788', 'NEOID_02c6df15-80a6-4ad1-927f-957e3df8c96c', 'NEOID_f6dab8bb-ff0b-4abc-8bed-5d101ad83539', 'NEOID_e0dd6bb3-c976-4af9-b1d8-df1313a195dd', 'NEOID_541952cf-9992-44ee-b444-c189a4396fbd', 'NEOID_d3e79dfc-7518-4d18-9c67-c7a8c62a2f8c', 'NEOID_2c64500c-8b8e-47cf-86a0-1c0890215eb2', 'NEOID_c86e6a2e-23da-4cae-bc2f-c555bfe0a3f0', 'NEOID_c261ee56-5d68-46ca-aaf5-d9ba09934202', 'NEOID_2349b5e6-72d5-4cab-8ab7-bcc84a626e5b', 'NEOID_f5c44556-ad5c-4aba-ba43-04a6572a8c96', 'NEOID_71bcbd9e-8966-4ad0-a535-5d7011526b06', 'NEOID_01c291dd-bc5e-4862-ac1b-41ae6c3219e2', 'NEOID_05b1782f-6e1e-40e1-aec5-70702e0e81ca', 'NEOID_29b4ef72-12e4-4f3c-8ac7-a6677b48c85e', 'NEOID_bf825ad0-449b-4db2-b5b8-264ec90b1d1f', 'NEOID_a8600926-8682-4788-b6ae-6e9ec1f3d229', 'NEOID_02fd0f46-a7c9-4bc4-8b4d-4e5d0c7e4b95', 'NEOID_f8dedc25-0b12-4f0f-85f6-f07e8a0a07c6', 'NEOID_e50524ad-d45e-401a-a755-f0db27db8ce4', 'NEOID_96a312fc-3095-4586-a1fa-ac41f3e1f6cd', 'NEOID_bec4fab1-4ec8-438d-b096-067cf3d82a55', 'NEOID_39d205a5-670f-4f36-b9d4-b2e7cf5e3d76', 'NEOID_18e53427-de92-4014-a565-b6ef57717826', 'NEOID_333ad56f-9ff2-49d0-af1b-cf99aa514191'];The diagram describes the fragment Fragment_1436.
Fragment_1437;['NEOID_c261ee56-5d68-46ca-aaf5-d9ba09934202', 'NEOID_d3e79dfc-7518-4d18-9c67-c7a8c62a2f8c', 'NEOID_2349b5e6-72d5-4cab-8ab7-bcc84a626e5b', 'NEOID_a6c8dfdf-ce54-4c61-81de-fbdd0f81baef', 'NEOID_02fd0f46-a7c9-4bc4-8b4d-4e5d0c7e4b95', 'NEOID_01c291dd-bc5e-4862-ac1b-41ae6c3219e2', 'NEOID_e1c066f9-00a8-4d44-b857-803d53025fd7', 'NEOID_444aeeab-c686-44e0-b863-9af1ed3734e6', 'NEOID_f8dedc25-0b12-4f0f-85f6-f07e8a0a07c6', 'NEOID_29b4ef72-12e4-4f3c-8ac7-a6677b48c85e', 'NEOID_f6dab8bb-ff0b-4abc-8bed-5d101ad83539', 'NEOID_541952cf-9992-44ee-b444-c189a4396fbd', 'NEOID_05b1782f-6e1e-40e1-aec5-70702e0e81ca', 'NEOID_bf825ad0-449b-4db2-b5b8-264ec90b1d1f', 'NEOID_f6df5ca2-0ea5-407e-bc17-d4a2cea8f59f', 'NEOID_e50524ad-d45e-401a-a755-f0db27db8ce4', 'NEOID_3ac3b8a3-424c-4c4d-ad23-ffa822967788', 'NEOID_a8600926-8682-4788-b6ae-6e9ec1f3d229', 'NEOID_96a312fc-3095-4586-a1fa-ac41f3e1f6cd', 'NEOID_2c64500c-8b8e-47cf-86a0-1c0890215eb2', 'NEOID_e0dd6bb3-c976-4af9-b1d8-df1313a195dd', 'NEOID_02c6df15-80a6-4ad1-927f-957e3df8c96c', 'NEOID_f5c44556-ad5c-4aba-ba43-04a6572a8c96', 'NEOID_bec4fab1-4ec8-438d-b096-067cf3d82a55', 'NEOID_39d205a5-670f-4f36-b9d4-b2e7cf5e3d76', 'NEOID_c86e6a2e-23da-4cae-bc2f-c555bfe0a3f0', 'NEOID_71bcbd9e-8966-4ad0-a535-5d7011526b06', 'NEOID_e1231ad5-fff2-4695-83aa-6eb6bac6243f', 'NEOID_556cd543-67a9-4f7b-8e01-a3f38d2e9d7a'];The diagram describes the fragment Fragment_1437.
Fragment_1438;['NEOID_f6dab8bb-ff0b-4abc-8bed-5d101ad83539', 'NEOID_c86e6a2e-23da-4cae-bc2f-c555bfe0a3f0', 'NEOID_29b4ef72-12e4-4f3c-8ac7-a6677b48c85e', 'NEOID_bec4fab1-4ec8-438d-b096-067cf3d82a55', 'NEOID_444aeeab-c686-44e0-b863-9af1ed3734e6', 'NEOID_e50524ad-d45e-401a-a755-f0db27db8ce4', 'NEOID_f8dedc25-0b12-4f0f-85f6-f07e8a0a07c6', 'NEOID_02c6df15-80a6-4ad1-927f-957e3df8c96c', 'NEOID_2349b5e6-72d5-4cab-8ab7-bcc84a626e5b', 'NEOID_541952cf-9992-44ee-b444-c189a4396fbd', 'NEOID_c261ee56-5d68-46ca-aaf5-d9ba09934202', 'NEOID_f5c44556-ad5c-4aba-ba43-04a6572a8c96', 'NEOID_d3e79dfc-7518-4d18-9c67-c7a8c62a2f8c', 'NEOID_112068a9-107f-4542-934e-e280690de91c', 'NEOID_f3dc7320-8788-4501-ab81-6182c794df24', 'NEOID_896d7790-3591-49b3-be53-67012f9b0756', 'NEOID_8dce19d6-187f-4a98-86ac-f80bfd359c8d', 'NEOID_5da26895-de0f-4d1b-b7ab-5f31d6015e55', 'NEOID_6935ff1b-67d1-4bdf-a391-f3e6a164426c'];The diagram describes the fragment Fragment_1438.
Fragment_1439;['NEOID_f8dedc25-0b12-4f0f-85f6-f07e8a0a07c6', 'NEOID_bec4fab1-4ec8-438d-b096-067cf3d82a55', 'NEOID_02c6df15-80a6-4ad1-927f-957e3df8c96c', 'NEOID_444aeeab-c686-44e0-b863-9af1ed3734e6', 'NEOID_c261ee56-5d68-46ca-aaf5-d9ba09934202', 'NEOID_541952cf-9992-44ee-b444-c189a4396fbd', 'NEOID_f6dab8bb-ff0b-4abc-8bed-5d101ad83539', 'NEOID_f5c44556-ad5c-4aba-ba43-04a6572a8c96', 'NEOID_c86e6a2e-23da-4cae-bc2f-c555bfe0a3f0', 'NEOID_2349b5e6-72d5-4cab-8ab7-bcc84a626e5b', 'NEOID_e50524ad-d45e-401a-a755-f0db27db8ce4', 'NEOID_29b4ef72-12e4-4f3c-8ac7-a6677b48c85e', 'NEOID_d3e79dfc-7518-4d18-9c67-c7a8c62a2f8c', 'NEOID_35c514c8-1de7-421e-b181-24964f139eb0', 'NEOID_c4ddeb49-5011-43e4-8516-b1676c80ced0', 'NEOID_d01cdf14-7f32-4c4d-8b71-ee9c3ea0d35c', 'NEOID_110702e6-921d-4941-ba82-ea986daf4d96', 'NEOID_87f60e23-0abd-4c0f-8a6a-ad5b34371448'];The diagram describes the fragment Fragment_1439.
Fragment_1440;['NEOID_c4ddeb49-5011-43e4-8516-b1676c80ced0', 'NEOID_f8dedc25-0b12-4f0f-85f6-f07e8a0a07c6', 'NEOID_bec4fab1-4ec8-438d-b096-067cf3d82a55', 'NEOID_02c6df15-80a6-4ad1-927f-957e3df8c96c', 'NEOID_444aeeab-c686-44e0-b863-9af1ed3734e6', 'NEOID_c261ee56-5d68-46ca-aaf5-d9ba09934202', 'NEOID_541952cf-9992-44ee-b444-c189a4396fbd', 'NEOID_f6dab8bb-ff0b-4abc-8bed-5d101ad83539', 'NEOID_f5c44556-ad5c-4aba-ba43-04a6572a8c96', 'NEOID_c86e6a2e-23da-4cae-bc2f-c555bfe0a3f0', 'NEOID_2349b5e6-72d5-4cab-8ab7-bcc84a626e5b', 'NEOID_e50524ad-d45e-401a-a755-f0db27db8ce4', 'NEOID_29b4ef72-12e4-4f3c-8ac7-a6677b48c85e', 'NEOID_d3e79dfc-7518-4d18-9c67-c7a8c62a2f8c', 'NEOID_388ff4b6-5dc6-468d-ad51-dbd6a0e529da', 'NEOID_87f60e23-0abd-4c0f-8a6a-ad5b34371448', 'NEOID_c4ddeb49-5011-43e4-8516-b1676c80ced0'];The diagram describes the fragment Fragment_1440.
Fragment_1441;['NEOID_c4ddeb49-5011-43e4-8516-b1676c80ced0', 'NEOID_f8dedc25-0b12-4f0f-85f6-f07e8a0a07c6', 'NEOID_bec4fab1-4ec8-438d-b096-067cf3d82a55', 'NEOID_02c6df15-80a6-4ad1-927f-957e3df8c96c', 'NEOID_444aeeab-c686-44e0-b863-9af1ed3734e6', 'NEOID_c261ee56-5d68-46ca-aaf5-d9ba09934202', 'NEOID_541952cf-9992-44ee-b444-c189a4396fbd', 'NEOID_f6dab8bb-ff0b-4abc-8bed-5d101ad83539', 'NEOID_f5c44556-ad5c-4aba-ba43-04a6572a8c96', 'NEOID_c86e6a2e-23da-4cae-bc2f-c555bfe0a3f0', 'NEOID_2349b5e6-72d5-4cab-8ab7-bcc84a626e5b', 'NEOID_e50524ad-d45e-401a-a755-f0db27db8ce4', 'NEOID_29b4ef72-12e4-4f3c-8ac7-a6677b48c85e', 'NEOID_d3e79dfc-7518-4d18-9c67-c7a8c62a2f8c', 'NEOID_7c274a49-ecf7-4501-b90e-4080c2cd9dbc', 'NEOID_110702e6-921d-4941-ba82-ea986daf4d96', 'NEOID_c4ddeb49-5011-43e4-8516-b1676c80ced0'];The diagram describes the fragment Fragment_1441.
Fragment_1442;['NEOID_c4ddeb49-5011-43e4-8516-b1676c80ced0', 'NEOID_f8dedc25-0b12-4f0f-85f6-f07e8a0a07c6', 'NEOID_bec4fab1-4ec8-438d-b096-067cf3d82a55', 'NEOID_02c6df15-80a6-4ad1-927f-957e3df8c96c', 'NEOID_444aeeab-c686-44e0-b863-9af1ed3734e6', 'NEOID_c261ee56-5d68-46ca-aaf5-d9ba09934202', 'NEOID_541952cf-9992-44ee-b444-c189a4396fbd', 'NEOID_f6dab8bb-ff0b-4abc-8bed-5d101ad83539', 'NEOID_f5c44556-ad5c-4aba-ba43-04a6572a8c96', 'NEOID_c86e6a2e-23da-4cae-bc2f-c555bfe0a3f0', 'NEOID_2349b5e6-72d5-4cab-8ab7-bcc84a626e5b', 'NEOID_e50524ad-d45e-401a-a755-f0db27db8ce4', 'NEOID_29b4ef72-12e4-4f3c-8ac7-a6677b48c85e', 'NEOID_d3e79dfc-7518-4d18-9c67-c7a8c62a2f8c', 'NEOID_5ccb0f0f-b5ae-423e-8799-8c25bdb3d6f9', 'NEOID_d01cdf14-7f32-4c4d-8b71-ee9c3ea0d35c', 'NEOID_c4ddeb49-5011-43e4-8516-b1676c80ced0'];The diagram describes the fragment Fragment_1442.
Fragment_1443;['NEOID_3ac3b8a3-424c-4c4d-ad23-ffa822967788', 'NEOID_f6dab8bb-ff0b-4abc-8bed-5d101ad83539', 'NEOID_a6c8dfdf-ce54-4c61-81de-fbdd0f81baef', 'NEOID_f5c44556-ad5c-4aba-ba43-04a6572a8c96', 'NEOID_e50524ad-d45e-401a-a755-f0db27db8ce4', 'NEOID_e0dd6bb3-c976-4af9-b1d8-df1313a195dd', 'NEOID_c86e6a2e-23da-4cae-bc2f-c555bfe0a3f0', 'NEOID_2349b5e6-72d5-4cab-8ab7-bcc84a626e5b', 'NEOID_c261ee56-5d68-46ca-aaf5-d9ba09934202', 'NEOID_02fd0f46-a7c9-4bc4-8b4d-4e5d0c7e4b95', 'NEOID_71bcbd9e-8966-4ad0-a535-5d7011526b06', 'NEOID_d3e79dfc-7518-4d18-9c67-c7a8c62a2f8c', 'NEOID_f8dedc25-0b12-4f0f-85f6-f07e8a0a07c6', 'NEOID_29b4ef72-12e4-4f3c-8ac7-a6677b48c85e', 'NEOID_01c291dd-bc5e-4862-ac1b-41ae6c3219e2', 'NEOID_05b1782f-6e1e-40e1-aec5-70702e0e81ca', 'NEOID_02c6df15-80a6-4ad1-927f-957e3df8c96c', 'NEOID_444aeeab-c686-44e0-b863-9af1ed3734e6', 'NEOID_bec4fab1-4ec8-438d-b096-067cf3d82a55', 'NEOID_541952cf-9992-44ee-b444-c189a4396fbd', 'NEOID_a2a8573a-41ca-461c-b050-d7f9903c230f', 'NEOID_8948a325-a073-46c9-a53f-20b0940f645e'];The diagram describes the fragment Fragment_1443.
Fragment_1444;['NEOID_3ac3b8a3-424c-4c4d-ad23-ffa822967788', 'NEOID_e0dd6bb3-c976-4af9-b1d8-df1313a195dd', 'NEOID_02fd0f46-a7c9-4bc4-8b4d-4e5d0c7e4b95', 'NEOID_a6c8dfdf-ce54-4c61-81de-fbdd0f81baef', 'NEOID_71bcbd9e-8966-4ad0-a535-5d7011526b06', 'NEOID_01c291dd-bc5e-4862-ac1b-41ae6c3219e2', 'NEOID_5cb9c0f9-fe65-42ba-8087-5a2aa24c462b', 'NEOID_c7e17d8b-e3e1-4d40-bef1-917832bc6eec'];The diagram describes the fragment Fragment_1444.
Fragment_1445;['NEOID_726587c4-f5c6-425e-bdbe-0f8ba718f2c4', 'NEOID_f453294a-72d6-4059-bd2e-983da090f449', 'NEOID_d14c9d52-7c5d-49e2-b2aa-fd56871de204'];The diagram describes the fragment Fragment_1445.
Fragment_1446;['NEOID_24853eaf-a8ae-47ed-ae83-cb88eb56cbd9', 'NEOID_52ed2e1b-bfdd-4d46-83f2-cfa32273386d', 'NEOID_481a4c04-4fcf-4480-8a10-1c55fb423706', 'NEOID_6fc1f1d1-194c-4aa3-9298-8551bc9e3056', 'NEOID_21ff9004-e979-4c92-9f53-3d9966883fcd'];The diagram describes the fragment Fragment_1446.
Fragment_1447;['NEOID_904c42a7-7e22-4b24-bdda-daae3e429ed9', 'NEOID_8087ca91-baac-4e70-8aaf-d9262cf48347', 'NEOID_78d30526-726d-474f-bcbf-d172c4998df3', 'NEOID_855a631c-8e37-41d6-aca8-c466cbcffa5a', 'NEOID_32801f83-aa51-47e9-9c42-a12512a7ec70'];The diagram describes the fragment Fragment_1447.
Fragment_1448;['NEOID_dce9feec-60b0-4b97-abed-0d7fe0887e61', 'NEOID_fd567e6e-7d26-487c-9f71-b5243e2b798e', 'NEOID_1da30b24-5803-4077-8e14-85aafbabbbcf', 'NEOID_855a631c-8e37-41d6-aca8-c466cbcffa5a', 'NEOID_904c42a7-7e22-4b24-bdda-daae3e429ed9', 'NEOID_8087ca91-baac-4e70-8aaf-d9262cf48347', 'NEOID_b565fccf-e796-40cd-97d1-a86ec388ced6', 'NEOID_32801f83-aa51-47e9-9c42-a12512a7ec70', 'NEOID_855a631c-8e37-41d6-aca8-c466cbcffa5a', 'NEOID_dce9feec-60b0-4b97-abed-0d7fe0887e61'];The diagram describes the fragment Fragment_1448.
Fragment_1449;['NEOID_fd567e6e-7d26-487c-9f71-b5243e2b798e', 'NEOID_1da30b24-5803-4077-8e14-85aafbabbbcf', 'NEOID_f7333c88-fce9-4aae-aff3-e3b308c1313f', 'NEOID_dce9feec-60b0-4b97-abed-0d7fe0887e61', 'NEOID_32801f83-aa51-47e9-9c42-a12512a7ec70'];The diagram describes the fragment Fragment_1449.
Fragment_1450;['NEOID_f1ce6545-7d07-4613-9911-7dc89c2fb06c', 'NEOID_b68cfeab-9ab5-4ac8-8573-5647e7b0baa8', 'NEOID_396f546d-7d52-467a-9bc3-4e97d9ec06de', 'NEOID_1a8f6f7a-5c1a-4f95-8e23-1107a90df612', 'NEOID_bcdf3381-62a4-4e27-9018-808f7fa8af9c'];The diagram describes the fragment Fragment_1450.
Fragment_1451;['NEOID_1a8f6f7a-5c1a-4f95-8e23-1107a90df612', 'NEOID_f1ce6545-7d07-4613-9911-7dc89c2fb06c', 'NEOID_b68cfeab-9ab5-4ac8-8573-5647e7b0baa8', 'NEOID_df8520d3-bcfb-4007-b6a8-aba9285df207', 'NEOID_bcdf3381-62a4-4e27-9018-808f7fa8af9c', 'NEOID_1a8f6f7a-5c1a-4f95-8e23-1107a90df612'];The diagram describes the fragment Fragment_1451.
Fragment_1452;['NEOID_03050eaa-2e5d-4eaa-8ac2-ac7958f17810', 'NEOID_8166a2a0-5f19-49b6-b90a-7fd196cca1ce', 'NEOID_12f8525a-4049-4d26-9c00-04efb78004bb', 'NEOID_b52f0dff-17d6-4c9e-a4b5-3364eb9f4637'];The diagram describes the fragment Fragment_1452.
Fragment_1453;['NEOID_0bb34fc3-70d4-46eb-a4c3-cd0b13dd5d95', 'NEOID_6619c0ff-fc9e-4f25-afe0-d517ee0b544b', 'NEOID_43782079-04a3-429d-86d7-51b26f19dd5a', 'NEOID_7103a72c-6976-466d-9502-fae2cb49bae2'];The diagram describes the fragment Fragment_1453.
