screen;process
Screen_2026;BusinessProcess_5
Screen_2029;BusinessProcess_5
Screen_2032;BusinessProcess_7
Screen_387;BusinessProcess_3
Screen_388;BusinessProcess_1
Screen_402;BusinessProcess_7
Screen_412;BusinessProcess_4
Screen_413;BusinessProcess_10
Screen_415;BusinessProcess_3
Screen_416;BusinessProcess_3
Screen_421;BusinessProcess_10
Screen_426;BusinessProcess_1
Screen_430;BusinessProcess_3
Screen_432;BusinessProcess_4
Screen_433;BusinessProcess_4
Screen_437;BusinessProcess_4
Screen_447;BusinessProcess_4
Screen_457;BusinessProcess_1
Screen_458;BusinessProcess_4
Screen_538;BusinessProcess_9
Screen_1026;BusinessProcess_4
Screen_1033;BusinessProcess_4
Screen_1039;BusinessProcess_10
Screen_1051;BusinessProcess_10
Screen_1054;BusinessProcess_4
Screen_1073;BusinessProcess_1
Screen_1082;BusinessProcess_0
Screen_1099;BusinessProcess_1
Screen_1105;BusinessProcess_7
Screen_1107;BusinessProcess_1
Screen_1122;BusinessProcess_4
Screen_1123;BusinessProcess_8
Screen_1128;BusinessProcess_4
Screen_1130;BusinessProcess_4
Screen_1132;BusinessProcess_8
Screen_1134;BusinessProcess_4
Screen_1136;BusinessProcess_4
Screen_1138;BusinessProcess_9
Screen_1141;BusinessProcess_4
Screen_1143;BusinessProcess_1
Screen_1145;BusinessProcess_8
Screen_1148;BusinessProcess_7
Screen_1155;BusinessProcess_7
Screen_1161;BusinessProcess_7
Screen_1171;BusinessProcess_7
Screen_1177;BusinessProcess_1
Screen_1180;BusinessProcess_8
Screen_1189;BusinessProcess_10
Screen_1192;BusinessProcess_0
Screen_1194;BusinessProcess_8
Screen_1197;BusinessProcess_6
Screen_1209;BusinessProcess_6
Screen_1220;BusinessProcess_2
Screen_1221;BusinessProcess_8
Screen_1223;BusinessProcess_1
Screen_1227;BusinessProcess_8
Screen_1229;BusinessProcess_6
Screen_1231;BusinessProcess_8
Screen_1232;BusinessProcess_2
Screen_1234;BusinessProcess_10
Screen_1238;BusinessProcess_2
Screen_1241;BusinessProcess_6
Screen_1242;BusinessProcess_0
Screen_1247;BusinessProcess_7
Screen_1251;BusinessProcess_8
Screen_1257;BusinessProcess_1
